,symbol
0,A
1,AA
2,AAAU
3,AACG
4,AADR
5,AAL
6,AAMC
7,AAME
8,AAN
9,AAOI
10,AAON
11,AAP
12,AAPL
13,AAT
14,AAU
15,AAWW
16,AAXJ
17,AAXN
18,AB
19,ABB
20,ABBV
21,ABC
22,ABCB
23,ABEO
24,ABEQ
25,ABEV
26,ABG
27,ABIO
28,ABM
29,ABMD
30,ABR
31,ABR-A
32,ABR-B
33,ABR-C
34,ABT
35,ABTX
36,ABUS
37,AC
38,ACA
39,ACAD
40,ACAM
41,ACAMU
42,ACAMW
43,ACB
44,ACBI
45,ACC
46,ACCO
47,ACEL
48,ACEL+
49,ACER
50,ACES
51,ACGL
52,ACGLO
53,ACGLP
54,ACH
55,ACHC
56,ACHV
57,ACIA
58,ACIO
59,ACIU
60,ACIW
61,ACLS
62,ACM
63,ACMR
64,ACN
65,ACNB
66,ACOR
67,ACP
68,ACRE
69,ACRS
70,ACRX
71,ACSG
72,ACSI
73,ACST
74,ACT
75,ACTG
76,ACTT
77,ACTTU
78,ACTTW
79,ACU
80,ACV
81,ACWF
82,ACWI
83,ACWV
84,ACWX
85,ACY
86,ADAP
87,ADBE
88,ADC
89,ADCT
90,ADES
91,ADI
92,ADIL
93,ADILW
94,ADM
95,ADMA
96,ADME
97,ADMP
98,ADMS
99,ADNT
100,ADP
101,ADPT
102,ADRE
103,ADRO
104,ADS
105,ADSK
106,ADSW
107,ADT
108,ADTN
109,ADUS
110,ADVM
111,ADX
112,ADXN
113,ADXS
114,AE
115,AEB
116,AEE
117,AEF
118,AEFC
119,AEG
120,AEGN
121,AEHR
122,AEIS
123,AEL
124,AEL-A
125,AEM
126,AEMD
127,AEO
128,AEP
129,AEP-B
130,AER
131,AERI
132,AES
133,AESE
134,AESR
135,AEY
136,AEYE
137,AEZS
138,AFB
139,AFC
140,AFG
141,AFGB
142,AFGC
143,AFGD
144,AFGH
145,AFH
146,AFI
147,AFIF
148,AFIN
149,AFINP
150,AFK
151,AFL
152,AFLG
153,AFMC
154,AFMD
155,AFSM
156,AFT
157,AFTY
158,AFYA
159,AG
160,AGBA
161,AGBAR
162,AGBAU
163,AGBAW
164,AGCO
165,AGD
166,AGE
167,AGEN
168,AGFS
169,AGFSW
170,AGG
171,AGGP
172,AGGY
173,AGI
174,AGIO
175,AGLE
176,AGM
177,AGM.A
178,AGM-A
179,AGM-C
180,AGM-D
181,AGM-E
182,AGMH
183,AGNC
184,AGNCM
185,AGNCN
186,AGNCO
187,AGNCP
188,AGO
189,AGO-B
190,AGO-E
191,AGO-F
192,AGQ
193,AGR
194,AGRO
195,AGRX
196,AGS
197,AGT
198,AGTC
199,AGX
200,AGYS
201,AGZ
202,AGZD
203,AHC
204,AHCO
205,AHH
206,AHH-A
207,AHL-C
208,AHL-D
209,AHL-E
210,AHPI
211,AHT
212,AHT-D
213,AHT-F
214,AHT-G
215,AHT-H
216,AHT-I
217,AI
218,AI-B
219,AI-C
220,AIA
221,AIC
222,AIEQ
223,AIF
224,AIG
225,AIG-A
226,AIG+
227,AIH
228,AIHS
229,AIIQ
230,AIKI
231,AIM
232,AIMC
233,AIMT
234,AIN
235,AINC
236,AINV
237,AIO
238,AIQ
239,AIR
240,AIRG
241,AIRI
242,AIRR
243,AIRT
244,AIRTP
245,AIRTW
246,AIT
247,AIV
248,AIW
249,AIZ
250,AIZP
251,AJG
252,AJRD
253,AJX
254,AJXA
255,AKAM
256,AKBA
257,AKCA
258,AKER
259,AKO.A
260,AKO.B
261,AKR
262,AKRO
263,AKTS
264,AKTX
265,AL
266,AL-A
267,ALAC
268,ALACR
269,ALACU
270,ALACW
271,ALB
272,ALBO
273,ALC
274,ALCO
275,ALDX
276,ALE
277,ALEC
278,ALEX
279,ALFA
280,ALG
281,ALGN
282,ALGT
283,ALIM
284,ALIN-A
285,ALIN-B
286,ALIN-E
287,ALJJ
288,ALK
289,ALKS
290,ALL
291,ALL-B
292,ALL-G
293,ALL-H
294,ALL-I
295,ALLE
296,ALLK
297,ALLO
298,ALLT
299,ALLY
300,ALLY-A
301,ALNA
302,ALNY
303,ALO
304,ALOT
305,ALP-Q
306,ALPN
307,ALRM
308,ALRN
309,ALRS
310,ALSK
311,ALSN
312,ALT
313,ALTG
314,ALTG+
315,ALTM
316,ALTR
317,ALTS
318,ALTY
319,ALUS
320,ALUS=
321,ALUS+
322,ALV
323,ALX
324,ALXN
325,ALYA
326,AM
327,AMAG
328,AMAL
329,AMAT
330,AMBA
331,AMBC
332,AMBC+
333,AMBO
334,AMC
335,AMCA
336,AMCI
337,AMCIU
338,AMCIW
339,AMCR
340,AMCX
341,AMD
342,AME
343,AMED
344,AMEH
345,AMG
346,AMGN
347,AMH
348,AMH-D
349,AMH-E
350,AMH-F
351,AMH-G
352,AMH-H
353,AMHC
354,AMHCU
355,AMHCW
356,AMJ
357,AMK
358,AMKR
359,AMLP
360,AMN
361,AMNB
362,AMOM
363,AMOT
364,AMOV
365,AMP
366,AMPE
367,AMPH
368,AMPY
369,AMRB
370,AMRC
371,AMRH
372,AMRHW
373,AMRK
374,AMRN
375,AMRS
376,AMRX
377,AMS
378,AMSC
379,AMSF
380,AMSWA
381,AMT
382,AMTB
383,AMTBB
384,AMTD
385,AMTI
386,AMTX
387,AMU
388,AMUB
389,AMWD
390,AMX
391,AMZA
392,AMZN
393,AN
394,ANAB
395,ANAT
396,ANCN
397,ANDA
398,ANDAR
399,ANDAU
400,ANDAW
401,ANDE
402,ANET
403,ANF
404,ANGI
405,ANGL
406,ANGO
407,ANH
408,ANH-A
409,ANH-B
410,ANH-C
411,ANIK
412,ANIP
413,ANIX
414,ANPC
415,ANSS
416,ANTE
417,ANTM
418,ANVS
419,ANY
420,AOA
421,AOD
422,AOK
423,AOM
424,AON
425,AOR
426,AOS
427,AOSL
428,AP
429,APA
430,APAM
431,APD
432,APDN
433,APEI
434,APEN
435,APEX
436,APG
437,APH
438,APHA
439,APLE
440,APLS
441,APLT
442,APM
443,APO
444,APO-A
445,APO-B
446,APOG
447,APOP
448,APOPW
449,APPF
450,APPN
451,APPS
452,APRE
453,APRN
454,APT
455,APTO
456,APTS
457,APTV
458,APTV-A
459,APTX
460,APVO
461,APWC
462,APXT
463,APXTU
464,APXTW
465,APYX
466,AQB
467,AQMS
468,AQN
469,AQNA
470,AQNB
471,AQST
472,AQUA
473,AR
474,ARA
475,ARAV
476,ARAY
477,ARB
478,ARC
479,ARCB
480,ARCC
481,ARCE
482,ARCH
483,ARCM
484,ARCO
485,ARCT
486,ARD
487,ARDC
488,ARDS
489,ARDX
490,ARE
491,AREC
492,ARES
493,ARES-A
494,ARGD
495,ARGO
496,ARGT
497,ARGX
498,ARI
499,ARKF
500,ARKG
501,ARKK
502,ARKQ
503,ARKR
504,ARKW
505,ARL
506,ARLO
507,ARLP
508,ARMK
509,ARMP
510,ARMR
511,ARNA
512,ARNC
513,AROC
514,AROW
515,ARPO
516,ARQT
517,ARR
518,ARR-C
519,ARTL
520,ARTLW
521,ARTNA
522,ARTW
523,ARVN
524,ARW
525,ARWR
526,ARYA
527,ARYAU
528,ARYAW
529,ARYBU
530,ASA
531,ASB
532,ASB-C
533,ASB-D
534,ASB-E
535,ASB-F
536,ASC
537,ASEA
538,ASET
539,ASFI
540,ASG
541,ASGN
542,ASH
543,ASHR
544,ASHS
545,ASHX
546,ASIX
547,ASLN
548,ASM
549,ASMB
550,ASML
551,ASNA
552,ASND
553,ASPN
554,ASPS
555,ASPU
556,ASR
557,ASRT
558,ASRV
559,ASRVP
560,ASTC
561,ASTE
562,ASUR
563,ASX
564,ASYS
565,AT
566,ATAX
567,ATCO
568,ATCO-D
569,ATCO-E
570,ATCO-G
571,ATCO-H
572,ATCO-I
573,ATCX
574,ATCXW
575,ATEC
576,ATEN
577,ATEX
578,ATGE
579,ATH
580,ATH-A
581,ATH-B
582,ATH-C
583,ATHE
584,ATHM
585,ATHX
586,ATI
587,ATIF
588,ATKR
589,ATLC
590,ATLO
591,ATMP
592,ATNI
593,ATNM
594,ATNX
595,ATO
596,ATOM
597,ATOS
598,ATR
599,ATRA
600,ATRC
601,ATRI
602,ATRO
603,ATRS
604,ATSG
605,ATTO
606,ATUS
607,ATV
608,ATVI
609,ATXI
610,AU
611,AUB
612,AUBAP
613,AUBN
614,AUDC
615,AUG
616,AUMN
617,AUPH
618,AUSF
619,AUTL
620,AUTO
621,AUY
622,AVA
623,AVAL
624,AVAV
625,AVB
626,AVCO
627,AVCT
628,AVCTW
629,AVD
630,AVDE
631,AVDL
632,AVDV
633,AVEM
634,AVEO
635,AVGO
636,AVGOP
637,AVGR
638,AVID
639,AVK
640,AVLR
641,AVNS
642,AVNW
643,AVRO
644,AVT
645,AVTR
646,AVTR-A
647,AVUS
648,AVUV
649,AVXL
650,AVY
651,AVYA
652,AWAY
653,AWF
654,AWH
655,AWI
656,AWK
657,AWP
658,AWR
659,AWRE
660,AWTM
661,AWX
662,AX
663,AXAS
664,AXDX
665,AXE
666,AXGN
667,AXGT
668,AXL
669,AXLA
670,AXNX
671,AXO
672,AXP
673,AXR
674,AXS
675,AXS-E
676,AXSM
677,AXTA
678,AXTI
679,AXU
680,AY
681,AYI
682,AYLA
683,AYRO
684,AYTU
685,AYX
686,AZAA
687,AZBA
688,AZEK
689,AZN
690,AZO
691,AZPN
692,AZRE
693,AZRX
694,AZUL
695,AZZ
696,B
697,BA
698,BAB
699,BABA
700,BAC
701,BAC-A
702,BAC-B
703,BAC-C
704,BAC-E
705,BAC-K
706,BAC-L
707,BAC-M
708,BAC-N
709,BAF
710,BAH
711,BAK
712,BAL
713,BAM
714,BANC
715,BANC-D
716,BANC-E
717,BAND
718,BANF
719,BANFP
720,BANR
721,BANX
722,BAP
723,BAPR
724,BAR
725,BASI
726,BATL
727,BATRA
728,BATRK
729,BATT
730,BAUG
731,BAX
732,BB
733,BBAR
734,BBAX
735,BBBY
736,BBC
737,BBCA
738,BBCP
739,BBD
740,BBDC
741,BBDO
742,BBEU
743,BBF
744,BBGI
745,BBH
746,BBI
747,BBIN
748,BBIO
749,BBJP
750,BBK
751,BBL
752,BBMC
753,BBN
754,BBP
755,BBQ
756,BBRE
757,BBSA
758,BBSI
759,BBU
760,BBUS
761,BBVA
762,BBW
763,BBX
764,BBY
765,BC
766,BC-A
767,BC-B
768,BC-C
769,BCBP
770,BCC
771,BCD
772,BCDA
773,BCDAW
774,BCE
775,BCEI
776,BCEL
777,BCH
778,BCI
779,BCLI
780,BCM
781,BCML
782,BCO
783,BCOM
784,BCOR
785,BCOV
786,BCOW
787,BCPC
788,BCRX
789,BCS
790,BCSF
791,BCTF
792,BCV
793,BCV-A
794,BCX
795,BCYC
796,BDC
797,BDCS
798,BDCX
799,BDCY
800,BDCZ
801,BDEC
802,BDGE
803,BDJ
804,BDL
805,BDN
806,BDR
807,BDRY
808,BDSI
809,BDTX
810,BDX
811,BDXB
812,BE
813,BEAM
814,BEAT
815,BECN
816,BEDU
817,BELFA
818,BELFB
819,BEN
820,BEP
821,BEP-A
822,BERY
823,BEST
824,BETZ
825,BF.A
826,BF.B
827,BFAM
828,BFC
829,BFEB
830,BFIN
831,BFIT
832,BFK
833,BFO
834,BFOR
835,BFRA
836,BFS
837,BFS-D
838,BFS-E
839,BFST
840,BFY
841,BFYT
842,BFZ
843,BG
844,BGB
845,BGCP
846,BGFV
847,BGG
848,BGH
849,BGI
850,BGIO
851,BGNE
852,BGR
853,BGRN
854,BGS
855,BGSF
856,BGT
857,BGX
858,BGY
859,BH
860,BH.A
861,BHAT
862,BHB
863,BHC
864,BHE
865,BHF
866,BHFAL
867,BHFAO
868,BHFAP
869,BHK
870,BHLB
871,BHP
872,BHR
873,BHR-B
874,BHR-D
875,BHTG
876,BHV
877,BHVN
878,BIB
879,BIBL
880,BICK
881,BIDU
882,BIF
883,BIG
884,BIIB
885,BIL
886,BILI
887,BILL
888,BIMI
889,BIO
890,BIO.B
891,BIOC
892,BIOL
893,BIOX
894,BIOX+
895,BIP
896,BIPC
897,BIS
898,BIT
899,BITA
900,BIV
901,BIZD
902,BJ
903,BJAN
904,BJK
905,BJRI
906,BJUL
907,BJUN
908,BK
909,BK-C
910,BKAG
911,BKCC
912,BKD
913,BKE
914,BKEM
915,BKEP
916,BKEPP
917,BKF
918,BKH
919,BKHY
920,BKI
921,BKIE
922,BKK
923,BKLC
924,BKLN
925,BKMC
926,BKN
927,BKNG
928,BKR
929,BKSB
930,BKSC
931,BKSE
932,BKT
933,BKTI
934,BKU
935,BKYI
936,BL
937,BLBD
938,BLCM
939,BLCN
940,BLD
941,BLDP
942,BLDR
943,BLE
944,BLES
945,BLFS
946,BLHY
947,BLIN
948,BLK
949,BLKB
950,BLL
951,BLMN
952,BLNK
953,BLNKW
954,BLOK
955,BLPH
956,BLRX
957,BLU
958,BLUE
959,BLV
960,BLW
961,BLX
962,BMA
963,BMAR
964,BMAY
965,BMCH
966,BME
967,BMEZ
968,BMI
969,BML-G
970,BML-H
971,BML-J
972,BML-L
973,BMLP
974,BMO
975,BMRA
976,BMRC
977,BMRG
978,BMRG=
979,BMRG+
980,BMRN
981,BMTC
982,BMY
983,BMY^
984,BND
985,BNDC
986,BNDW
987,BNDX
988,BNED
989,BNFT
990,BNGO
991,BNGOW
992,BNKD
993,BNKO
994,BNKU
995,BNKZ
996,BNO
997,BNOV
998,BNR
999,BNS
1000,BNSO
1001,BNTC
1002,BNTX
1003,BNY
1004,BOCH
1005,BOCT
1006,BOE
1007,BOH
1008,BOIL
1009,BOKF
1010,BOKFL
1011,BOMN
1012,BOND
1013,BOOM
1014,BOOT
1015,BORR
1016,BOSC
1017,BOSS
1018,BOTJ
1019,BOTZ
1020,BOUT
1021,BOX
1022,BOXL
1023,BP
1024,BPFH
1025,BPMC
1026,BPMP
1027,BPOP
1028,BPOPM
1029,BPOPN
1030,BPRN
1031,BPT
1032,BPTH
1033,BPY
1034,BPYPN
1035,BPYPO
1036,BPYPP
1037,BPYU
1038,BPYUP
1039,BQH
1040,BR
1041,BRBR
1042,BRBS
1043,BRC
1044,BREW
1045,BRF
1046,BRFS
1047,BRG
1048,BRG-A
1049,BRG-C
1050,BRG-D
1051,BRID
1052,BRK.A
1053,BRK.B
1054,BRKL
1055,BRKR
1056,BRKS
1057,BRMK
1058,BRMK+
1059,BRN
1060,BRO
1061,BROG
1062,BROGW
1063,BRP
1064,BRPA
1065,BRPAR
1066,BRPAU
1067,BRPAW
1068,BRQS
1069,BRT
1070,BRX
1071,BRY
1072,BRZU
1073,BSA
1074,BSAC
1075,BSAE
1076,BSBE
1077,BSBK
1078,BSBR
1079,BSCE
1080,BSCK
1081,BSCL
1082,BSCM
1083,BSCN
1084,BSCO
1085,BSCP
1086,BSCQ
1087,BSCR
1088,BSCS
1089,BSCT
1090,BSD
1091,BSDE
1092,BSE
1093,BSEP
1094,BSET
1095,BSGM
1096,BSIG
1097,BSJK
1098,BSJL
1099,BSJM
1100,BSJN
1101,BSJO
1102,BSJP
1103,BSJQ
1104,BSJR
1105,BSL
1106,BSM
1107,BSML
1108,BSMM
1109,BSMN
1110,BSMO
1111,BSMP
1112,BSMQ
1113,BSMR
1114,BSMS
1115,BSMT
1116,BSMX
1117,BSQR
1118,BSRR
1119,BST
1120,BSTC
1121,BSTZ
1122,BSV
1123,BSVN
1124,BSX
1125,BSX-A
1126,BTA
1127,BTAI
1128,BTAL
1129,BTE
1130,BTEC
1131,BTG
1132,BTI
1133,BTN
1134,BTO
1135,BTT
1136,BTU
1137,BTYS
1138,BTZ
1139,BUD
1140,BUG
1141,BUI
1142,BUL
1143,BURL
1144,BUSE
1145,BUY
1146,BUYZ
1147,BV
1148,BVAL
1149,BVN
1150,BVXV
1151,BW
1152,BWA
1153,BWAY
1154,BWB
1155,BWEN
1156,BWFG
1157,BWG
1158,BWL.A
1159,BWMX
1160,BWX
1161,BWXT
1162,BWZ
1163,BX
1164,BXC
1165,BXG
1166,BXMT
1167,BXMX
1168,BXP
1169,BXP-B
1170,BXRX
1171,BXS
1172,BXS-A
1173,BY
1174,BYD
1175,BYFC
1176,BYLD
1177,BYM
1178,BYND
1179,BYSI
1180,BZH
1181,BZM
1182,BZQ
1183,BZUN
1184,C
1185,C-J
1186,C-K
1187,C-N
1188,C-S
1189,CAAP
1190,CAAS
1191,CABA
1192,CABO
1193,CAC
1194,CACC
1195,CACG
1196,CACI
1197,CADE
1198,CAE
1199,CAF
1200,CAG
1201,CAH
1202,CAI
1203,CAI-A
1204,CAI-B
1205,CAJ
1206,CAKE
1207,CAL
1208,CALA
1209,CALB
1210,CALF
1211,CALM
1212,CALT
1213,CALX
1214,CAMP
1215,CAMT
1216,CAN
1217,CANE
1218,CANF
1219,CANG
1220,CAPE
1221,CAPL
1222,CAPR
1223,CAR
1224,CARA
1225,CARE
1226,CARG
1227,CARR
1228,CARS
1229,CARV
1230,CARZ
1231,CASA
1232,CASH
1233,CASI
1234,CASS
1235,CASY
1236,CAT
1237,CATB
1238,CATC
1239,CATH
1240,CATM
1241,CATO
1242,CATS
1243,CATY
1244,CB
1245,CBAN
1246,CBAT
1247,CBAY
1248,CBB
1249,CBB-B
1250,CBD
1251,CBFV
1252,CBH
1253,CBIO
1254,CBL
1255,CBL-D
1256,CBL-E
1257,CBLI
1258,CBMB
1259,CBMG
1260,CBNK
1261,CBOE
1262,CBON
1263,CBPO
1264,CBRE
1265,CBRL
1266,CBSH
1267,CBSHP
1268,CBT
1269,CBTX
1270,CBU
1271,CBZ
1272,CC
1273,CCAC
1274,CCAC=
1275,CCAC+
1276,CCAP
1277,CCB
1278,CCBG
1279,CCC
1280,CCCL
1281,CCD
1282,CCEP
1283,CCF
1284,CCH
1285,CCH=
1286,CCH+
1287,CCI
1288,CCI-A
1289,CCJ
1290,CCK
1291,CCL
1292,CCLP
1293,CCM
1294,CCMP
1295,CCNC
1296,CCNE
1297,CCO
1298,CCOI
1299,CCOR
1300,CCR
1301,CCRC
1302,CCRN
1303,CCS
1304,CCU
1305,CCX
1306,CCX=
1307,CCX+
1308,CCXI
1309,CCXX
1310,CCXX=
1311,CCXX+
1312,CCZ
1313,CDAY
1314,CDC
1315,CDE
1316,CDEV
1317,CDK
1318,CDL
1319,CDLX
1320,CDMO
1321,CDMOP
1322,CDNA
1323,CDNS
1324,CDOR
1325,CDR
1326,CDR-B
1327,CDR-C
1328,CDTX
1329,CDW
1330,CDXC
1331,CDXS
1332,CDZI
1333,CE
1334,CEA
1335,CECE
1336,CEE
1337,CEF
1338,CEFD
1339,CEFS
1340,CEI
1341,CEIX
1342,CEL
1343,CELC
1344,CELG^
1345,CELH
1346,CELP
1347,CEM
1348,CEMB
1349,CEMI
1350,CEN
1351,CENT
1352,CENTA
1353,CENX
1354,CEO
1355,CEPU
1356,CEQP
1357,CEQP-
1358,CERC
1359,CERN
1360,CERS
1361,CET
1362,CETV
1363,CETX
1364,CETXP
1365,CETXW
1366,CEV
1367,CEVA
1368,CEW
1369,CEY
1370,CEZ
1371,CF
1372,CFA
1373,CFB
1374,CFBI
1375,CFBK
1376,CFCV
1377,CFFA
1378,CFFAU
1379,CFFAW
1380,CFFI
1381,CFFN
1382,CFG
1383,CFG-D
1384,CFG-E
1385,CFMS
1386,CFO
1387,CFR
1388,CFRX
1389,CFX
1390,CFXA
1391,CG
1392,CGA
1393,CGBD
1394,CGC
1395,CGEN
1396,CGIX
1397,CGNX
1398,CGO
1399,CGRO
1400,CGROU
1401,CGROW
1402,CGW
1403,CHA
1404,CHAD
1405,CHAP
1406,CHAQ
1407,CHAQ=
1408,CHAQ+
1409,CHAU
1410,CHCI
1411,CHCO
1412,CHCT
1413,CHD
1414,CHDN
1415,CHE
1416,CHEF
1417,CHEK
1418,CHEKZ
1419,CHEP
1420,CHFS
1421,CHGG
1422,CHGX
1423,CHH
1424,CHI
1425,CHIC
1426,CHIE
1427,CHIH
1428,CHII
1429,CHIK
1430,CHIL
1431,CHIM
1432,CHIQ
1433,CHIR
1434,CHIS
1435,CHIU
1436,CHIX
1437,CHK
1438,CHK-D
1439,CHKP
1440,CHL
1441,CHMA
1442,CHMG
1443,CHMI
1444,CHMI-A
1445,CHMI-B
1446,CHN
1447,CHNA
1448,CHNG
1449,CHNGU
1450,CHNR
1451,CHPM
1452,CHPMU
1453,CHPMW
1454,CHRA
1455,CHRS
1456,CHRW
1457,CHS
1458,CHSCL
1459,CHSCM
1460,CHSCN
1461,CHSCO
1462,CHSCP
1463,CHT
1464,CHTR
1465,CHU
1466,CHUY
1467,CHW
1468,CHWY
1469,CHX
1470,CHY
1471,CI
1472,CIA
1473,CIB
1474,CIBR
1475,CID
1476,CIDM
1477,CIEN
1478,CIF
1479,CIG
1480,CIG.C
1481,CIGI
1482,CIH
1483,CII
1484,CIIC
1485,CIICU
1486,CIICW
1487,CIK
1488,CIL
1489,CIM
1490,CIM-A
1491,CIM-B
1492,CIM-C
1493,CIM-D
1494,CINF
1495,CINR
1496,CIO
1497,CIO-A
1498,CIR
1499,CIT
1500,CIT-B
1501,CIVB
1502,CIX
1503,CIZ
1504,CIZN
1505,CJJD
1506,CKH
1507,CKPT
1508,CKX
1509,CL
1510,CLAR
1511,CLB
1512,CLBK
1513,CLBS
1514,CLCT
1515,CLDB
1516,CLDR
1517,CLDT
1518,CLDX
1519,CLEU
1520,CLF
1521,CLFD
1522,CLGN
1523,CLGX
1524,CLH
1525,CLI
1526,CLIR
1527,CLIX
1528,CLLS
1529,CLM
1530,CLMT
1531,CLNC
1532,CLNE
1533,CLNY
1534,CLNY-G
1535,CLNY-H
1536,CLNY-I
1537,CLNY-J
1538,CLOU
1539,CLPR
1540,CLPS
1541,CLPT
1542,CLR
1543,CLRB
1544,CLRBZ
1545,CLRG
1546,CLRO
1547,CLS
1548,CLSD
1549,CLSK
1550,CLSN
1551,CLTL
1552,CLUB
1553,CLVS
1554,CLW
1555,CLWT
1556,CLX
1557,CLXT
1558,CM
1559,CMA
1560,CMBM
1561,CMBS
1562,CMC
1563,CMCL
1564,CMCM
1565,CMCO
1566,CMCSA
1567,CMCT
1568,CMCTP
1569,CMD
1570,CMDY
1571,CME
1572,CMF
1573,CMFNL
1574,CMG
1575,CMI
1576,CMLS
1577,CMO
1578,CMO-E
1579,CMP
1580,CMPR
1581,CMRE
1582,CMRE-B
1583,CMRE-C
1584,CMRE-D
1585,CMRE-E
1586,CMRX
1587,CMS
1588,CMS-B
1589,CMSA
1590,CMSC
1591,CMSD
1592,CMT
1593,CMTL
1594,CMU
1595,CN
1596,CNA
1597,CNBKA
1598,CNBS
1599,CNC
1600,CNCE
1601,CNCR
1602,CNDT
1603,CNET
1604,CNF
1605,CNFR
1606,CNFRL
1607,CNHI
1608,CNI
1609,CNK
1610,CNMD
1611,CNNB
1612,CNNE
1613,CNO
1614,CNOB
1615,CNP
1616,CNP-B
1617,CNQ
1618,CNR
1619,CNRG
1620,CNS
1621,CNSL
1622,CNSP
1623,CNST
1624,CNTG
1625,CNTY
1626,CNX
1627,CNXM
1628,CNXN
1629,CNXT
1630,CNYA
1631,CO
1632,COCP
1633,CODA
1634,CODI
1635,CODI-A
1636,CODI-B
1637,CODI-C
1638,CODX
1639,COE
1640,COF
1641,COF-F
1642,COF-G
1643,COF-H
1644,COF-I
1645,COF-J
1646,COFS
1647,COG
1648,COHN
1649,COHR
1650,COHU
1651,COKE
1652,COLB
1653,COLD
1654,COLL
1655,COLM
1656,COM
1657,COMB
1658,COMM
1659,COMT
1660,CONE
1661,CONN
1662,COO
1663,COOP
1664,COP
1665,COPX
1666,COR
1667,CORE
1668,CORN
1669,CORP
1670,CORR
1671,CORR-A
1672,CORT
1673,COST
1674,COTY
1675,COUP
1676,COW
1677,COWN
1678,COWNL
1679,COWNZ
1680,COWZ
1681,CP
1682,CPA
1683,CPAA
1684,CPAAU
1685,CPAAW
1686,CPAC
1687,CPAH
1688,CPB
1689,CPE
1690,CPER
1691,CPF
1692,CPG
1693,CPHC
1694,CPHI
1695,CPI
1696,CPIX
1697,CPK
1698,CPLG
1699,CPLP
1700,CPRI
1701,CPRT
1702,CPRX
1703,CPS
1704,CPSH
1705,CPSI
1706,CPSS
1707,CPST
1708,CPT
1709,CPTA
1710,CPTAG
1711,CPTAL
1712,CPZ
1713,CQP
1714,CQQQ
1715,CR
1716,CRAI
1717,CRAK
1718,CRBN
1719,CRBP
1720,CRC
1721,CRD.A
1722,CRD.B
1723,CRDF
1724,CREE
1725,CREG
1726,CRESY
1727,CREX
1728,CREXW
1729,CRF
1730,CRH
1731,CRHM
1732,CRI
1733,CRIS
1734,CRK
1735,CRL
1736,CRM
1737,CRMD
1738,CRMT
1739,CRNC
1740,CRNT
1741,CRNX
1742,CROC
1743,CRON
1744,CROP
1745,CROX
1746,CRS
1747,CRSA
1748,CRSAU
1749,CRSAW
1750,CRSP
1751,CRT
1752,CRTO
1753,CRTX
1754,CRUS
1755,CRVL
1756,CRVS
1757,CRWD
1758,CRWS
1759,CRY
1760,CS
1761,CSA
1762,CSB
1763,CSBR
1764,CSCO
1765,CSD
1766,CSF
1767,CSGP
1768,CSGS
1769,CSII
1770,CSIQ
1771,CSL
1772,CSLT
1773,CSM
1774,CSML
1775,CSOD
1776,CSPI
1777,CSPR
1778,CSQ
1779,CSSE
1780,CSSEP
1781,CSTE
1782,CSTL
1783,CSTM
1784,CSTR
1785,CSU
1786,CSV
1787,CSWC
1788,CSWCL
1789,CSWI
1790,CSX
1791,CTA-A
1792,CTA-B
1793,CTAA
1794,CTAS
1795,CTB
1796,CTBB
1797,CTBI
1798,CTDD
1799,CTEK
1800,CTG
1801,CTHR
1802,CTIB
1803,CTIC
1804,CTK
1805,CTL
1806,CTLT
1807,CTMX
1808,CTO
1809,CTR
1810,CTRA
1811,CTRE
1812,CTRM
1813,CTRN
1814,CTS
1815,CTSH
1816,CTSO
1817,CTT
1818,CTV
1819,CTVA
1820,CTXR
1821,CTXRW
1822,CTXS
1823,CTY
1824,CTZ
1825,CUB
1826,CUBA
1827,CUBB
1828,CUBE
1829,CUBI
1830,CUBI-C
1831,CUBI-D
1832,CUBI-E
1833,CUBI-F
1834,CUE
1835,CUK
1836,CULP
1837,CURE
1838,CURO
1839,CUT
1840,CUTR
1841,CUZ
1842,CVA
1843,CVBF
1844,CVCO
1845,CVCY
1846,CVE
1847,CVEO
1848,CVET
1849,CVGI
1850,CVGW
1851,CVI
1852,CVIA
1853,CVLT
1854,CVLY
1855,CVM
1856,CVNA
1857,CVR
1858,CVS
1859,CVTI
1860,CVU
1861,CVV
1862,CVX
1863,CVY
1864,CW
1865,CWB
1866,CWBC
1867,CWBR
1868,CWCO
1869,CWEB
1870,CWEN
1871,CWEN.A
1872,CWH
1873,CWI
1874,CWK
1875,CWS
1876,CWST
1877,CWT
1878,CX
1879,CXDC
1880,CXE
1881,CXH
1882,CXO
1883,CXP
1884,CXSE
1885,CXW
1886,CYAD
1887,CYAN
1888,CYB
1889,CYBE
1890,CYBR
1891,CYCC
1892,CYCCP
1893,CYCN
1894,CYD
1895,CYH
1896,CYRN
1897,CYRX
1898,CYRXW
1899,CYTK
1900,CZA
1901,CZNC
1902,CZR
1903,CZWI
1904,CZZ
1905,D
1906,DAC
1907,DADA
1908,DAIO
1909,DAKT
1910,DAL
1911,DALI
1912,DALT
1913,DAN
1914,DAO
1915,DAR
1916,DARE
1917,DAUD
1918,DAUG
1919,DAVA
1920,DAX
1921,DB
1922,DBA
1923,DBAW
1924,DBB
1925,DBC
1926,DBCP
1927,DBD
1928,DBE
1929,DBEF
1930,DBEH
1931,DBEM
1932,DBEU
1933,DBEZ
1934,DBGR
1935,DBI
1936,DBJP
1937,DBL
1938,DBLV
1939,DBMF
1940,DBO
1941,DBP
1942,DBS
1943,DBV
1944,DBVT
1945,DBX
1946,DCF
1947,DCHF
1948,DCI
1949,DCO
1950,DCOM
1951,DCOMP
1952,DCP
1953,DCP-B
1954,DCP-C
1955,DCPH
1956,DCTH
1957,DCUE
1958,DD
1959,DDD
1960,DDF
1961,DDG
1962,DDIV
1963,DDLS
1964,DDM
1965,DDOG
1966,DDS
1967,DDT
1968,DDWM
1969,DE
1970,DEA
1971,DECK
1972,DEED
1973,DEEF
1974,DEF
1975,DEFA
1976,DEI
1977,DELL
1978,DEM
1979,DENN
1980,DEO
1981,DES
1982,DESP
1983,DEUR
1984,DEUS
1985,DEW
1986,DEX
1987,DFE
1988,DFEB
1989,DFEN
1990,DFFN
1991,DFIN
1992,DFJ
1993,DFND
1994,DFNL
1995,DFNS
1996,DFNS=
1997,DFNS+
1998,DFP
1999,DFPH
2000,DFPHU
2001,DFPHW
2002,DFS
2003,DFVL
2004,DFVS
2005,DG
2006,DGAZ
2007,DGBP
2008,DGICA
2009,DGICB
2010,DGII
2011,DGL
2012,DGLD
2013,DGLY
2014,DGP
2015,DGRE
2016,DGRO
2017,DGRS
2018,DGRW
2019,DGS
2020,DGT
2021,DGX
2022,DGZ
2023,DHC
2024,DHCNI
2025,DHCNL
2026,DHF
2027,DHI
2028,DHIL
2029,DHR
2030,DHR-A
2031,DHR-B
2032,DHS
2033,DHT
2034,DHX
2035,DHY
2036,DIA
2037,DIAL
2038,DIAX
2039,DIG
2040,DIM
2041,DIN
2042,DINT
2043,DIOD
2044,DIS
2045,DISCA
2046,DISCB
2047,DISCK
2048,DISH
2049,DIT
2050,DIV
2051,DIVA
2052,DIVB
2053,DIVC
2054,DIVO
2055,DIVY
2056,DJCB
2057,DJCI
2058,DJCO
2059,DJD
2060,DJP
2061,DJPY
2062,DK
2063,DKL
2064,DKNG
2065,DKNGW
2066,DKS
2067,DL
2068,DLA
2069,DLB
2070,DLHC
2071,DLN
2072,DLNG
2073,DLNG-A
2074,DLNG-B
2075,DLPH
2076,DLPN
2077,DLPNW
2078,DLR
2079,DLR-C
2080,DLR-G
2081,DLR-I
2082,DLR-J
2083,DLR-K
2084,DLR-L
2085,DLS
2086,DLTH
2087,DLTR
2088,DLX
2089,DLY
2090,DMAC
2091,DMAY
2092,DMB
2093,DMDV
2094,DMF
2095,DMLP
2096,DMO
2097,DMPI
2098,DMRC
2099,DMRE
2100,DMRI
2101,DMRL
2102,DMRM
2103,DMRS
2104,DMTK
2105,DMXF
2106,DMYT
2107,DMYT=
2108,DMYT+
2109,DNI
2110,DNJR
2111,DNK
2112,DNKN
2113,DNL
2114,DNLI
2115,DNN
2116,DNOV
2117,DNOW
2118,DNP
2119,DNR
2120,DOC
2121,DOCU
2122,DOG
2123,DOGZ
2124,DOL
2125,DOMO
2126,DON
2127,DOO
2128,DOOO
2129,DOOR
2130,DORM
2131,DOV
2132,DOW
2133,DOX
2134,DOYU
2135,DPG
2136,DPHC
2137,DPHCU
2138,DPHCW
2139,DPST
2140,DPW
2141,DPZ
2142,DQ
2143,DRAD
2144,DRADP
2145,DRD
2146,DRE
2147,DRH
2148,DRI
2149,DRIO
2150,DRIOW
2151,DRIP
2152,DRIV
2153,DRN
2154,DRNA
2155,DRQ
2156,DRRX
2157,DRSK
2158,DRTT
2159,DRUA
2160,DRV
2161,DRW
2162,DS
2163,DS-B
2164,DS-C
2165,DS-D
2166,DSE
2167,DSGX
2168,DSI
2169,DSKE
2170,DSKEW
2171,DSL
2172,DSLV
2173,DSM
2174,DSPG
2175,DSS
2176,DSSI
2177,DSTL
2178,DSU
2179,DSWL
2180,DSX
2181,DSX-B
2182,DT
2183,DTD
2184,DTE
2185,DTEA
2186,DTEC
2187,DTF
2188,DTH
2189,DTIL
2190,DTJ
2191,DTLA-
2192,DTN
2193,DTP
2194,DTQ
2195,DTSS
2196,DTUL
2197,DTUS
2198,DTW
2199,DTY
2200,DTYL
2201,DUC
2202,DUG
2203,DUK
2204,DUK-A
2205,DUKB
2206,DUKH
2207,DUO
2208,DUOT
2209,DURA
2210,DUSA
2211,DUSL
2212,DUST
2213,DVA
2214,DVAX
2215,DVD
2216,DVLU
2217,DVN
2218,DVOL
2219,DVP
2220,DVY
2221,DVYA
2222,DVYE
2223,DWAS
2224,DWAT
2225,DWAW
2226,DWCR
2227,DWEQ
2228,DWFI
2229,DWLD
2230,DWM
2231,DWMC
2232,DWMF
2233,DWPP
2234,DWSH
2235,DWSN
2236,DWUS
2237,DWX
2238,DX
2239,DX-B
2240,DX-C
2241,DXC
2242,DXCM
2243,DXD
2244,DXF
2245,DXGE
2246,DXJ
2247,DXJS
2248,DXLG
2249,DXPE
2250,DXR
2251,DXYN
2252,DY
2253,DYAI
2254,DYHG
2255,DYNF
2256,DYNT
2257,DZK
2258,DZSI
2259,DZZ
2260,E
2261,EA
2262,EAB
2263,EAD
2264,EAE
2265,EAF
2266,EAGG
2267,EAI
2268,EAOA
2269,EAOK
2270,EAOM
2271,EAOR
2272,EARN
2273,EARS
2274,EASG
2275,EASI
2276,EAST
2277,EAT
2278,EB
2279,EBAY
2280,EBAYL
2281,EBF
2282,EBIX
2283,EBIZ
2284,EBMT
2285,EBND
2286,EBR
2287,EBR.B
2288,EBS
2289,EBSB
2290,EBTC
2291,EC
2292,ECC
2293,ECCB
2294,ECCX
2295,ECCY
2296,ECF
2297,ECF-A
2298,ECH
2299,ECHO
2300,ECL
2301,ECLN
2302,ECNS
2303,ECOL
2304,ECOLW
2305,ECOM
2306,ECON
2307,ECOR
2308,ECOW
2309,ECOZ
2310,ECPG
2311,ECT
2312,ED
2313,EDAP
2314,EDC
2315,EDD
2316,EDEN
2317,EDF
2318,EDI
2319,EDIT
2320,EDIV
2321,EDN
2322,EDNT
2323,EDOG
2324,EDOW
2325,EDRY
2326,EDSA
2327,EDU
2328,EDUC
2329,EDV
2330,EDZ
2331,EE
2332,EEA
2333,EEFT
2334,EEH
2335,EELV
2336,EEM
2337,EEMA
2338,EEMD
2339,EEMO
2340,EEMS
2341,EEMV
2342,EEMX
2343,EES
2344,EET
2345,EEV
2346,EEX
2347,EFA
2348,EFAD
2349,EFAS
2350,EFAV
2351,EFAX
2352,EFC
2353,EFC-A
2354,EFF
2355,EFG
2356,EFL
2357,EFNL
2358,EFO
2359,EFOI
2360,EFR
2361,EFSC
2362,EFT
2363,EFU
2364,EFV
2365,EFX
2366,EFZ
2367,EGAN
2368,EGBN
2369,EGF
2370,EGHT
2371,EGIF
2372,EGLE
2373,EGO
2374,EGOV
2375,EGP
2376,EGPT
2377,EGRX
2378,EGY
2379,EH
2380,EHC
2381,EHI
2382,EHT
2383,EHTH
2384,EIC
2385,EIDO
2386,EIDX
2387,EIG
2388,EIGI
2389,EIGR
2390,EIM
2391,EINC
2392,EIRL
2393,EIS
2394,EIX
2395,EJAN
2396,EJUL
2397,EKAR
2398,EKSO
2399,EL
2400,ELA
2401,ELAN
2402,ELAT
2403,ELC
2404,ELD
2405,ELF
2406,ELGX
2407,ELJ
2408,ELLO
2409,ELMD
2410,ELOX
2411,ELP
2412,ELS
2413,ELSE
2414,ELTK
2415,ELU
2416,ELVT
2417,ELY
2418,EMAG
2419,EMAN
2420,EMB
2421,EMBD
2422,EMBH
2423,EMCB
2424,EMCF
2425,EMD
2426,EMDV
2427,EME
2428,EMF
2429,EMFM
2430,EMGF
2431,EMHY
2432,EMIF
2433,EMKR
2434,EML
2435,EMLC
2436,EMLP
2437,EMMF
2438,EMN
2439,EMNT
2440,EMO
2441,EMP
2442,EMQQ
2443,EMR
2444,EMSG
2445,EMSH
2446,EMTL
2447,EMTY
2448,EMX
2449,EMXC
2450,ENB
2451,ENBA
2452,ENBL
2453,ENDP
2454,ENFR
2455,ENG
2456,ENIA
2457,ENIC
2458,ENJ
2459,ENLC
2460,ENLV
2461,ENO
2462,ENOB
2463,ENOR
2464,ENPH
2465,ENR
2466,ENR-A
2467,ENS
2468,ENSG
2469,ENSV
2470,ENT
2471,ENTA
2472,ENTG
2473,ENTR
2474,ENTX
2475,ENTXW
2476,ENV
2477,ENVA
2478,ENX
2479,ENZ
2480,ENZL
2481,EOD
2482,EOG
2483,EOI
2484,EOLS
2485,EOS
2486,EOT
2487,EP-C
2488,EPAC
2489,EPAM
2490,EPAY
2491,EPC
2492,EPD
2493,EPHE
2494,EPI
2495,EPIX
2496,EPM
2497,EPOL
2498,EPP
2499,EPR
2500,EPR-C
2501,EPR-E
2502,EPR-G
2503,EPRF
2504,EPRT
2505,EPS
2506,EPSN
2507,EPU
2508,EPV
2509,EPZM
2510,EQ
2511,EQAL
2512,EQBK
2513,EQC
2514,EQC-D
2515,EQH
2516,EQH-A
2517,EQIX
2518,EQL
2519,EQNR
2520,EQR
2521,EQRR
2522,EQS
2523,EQT
2524,EQWL
2525,EQX
2526,ERC
2527,ERF
2528,ERH
2529,ERI
2530,ERIC
2531,ERIE
2532,ERII
2533,ERJ
2534,ERM
2535,EROS
2536,ERSX
2537,ERUS
2538,ERX
2539,ERY
2540,ERYP
2541,ES
2542,ESBA
2543,ESBK
2544,ESCA
2545,ESCR
2546,ESE
2547,ESEA
2548,ESEB
2549,ESG
2550,ESGD
2551,ESGE
2552,ESGG
2553,ESGN
2554,ESGR
2555,ESGRO
2556,ESGRP
2557,ESGS
2558,ESGU
2559,ESGV
2560,ESHY
2561,ESI
2562,ESLT
2563,ESML
2564,ESNG
2565,ESNT
2566,ESP
2567,ESPO
2568,ESPR
2569,ESQ
2570,ESRT
2571,ESS
2572,ESSA
2573,ESSC
2574,ESSCR
2575,ESSCU
2576,ESSCW
2577,ESTA
2578,ESTC
2579,ESTE
2580,ESXB
2581,ET
2582,ETB
2583,ETFC
2584,ETG
2585,ETH
2586,ETHO
2587,ETI-
2588,ETJ
2589,ETM
2590,ETN
2591,ETNB
2592,ETO
2593,ETON
2594,ETP-C
2595,ETP-D
2596,ETP-E
2597,ETR
2598,ETRN
2599,ETSY
2600,ETTX
2601,ETV
2602,ETW
2603,ETX
2604,ETY
2605,EUDG
2606,EUDV
2607,EUFN
2608,EUFX
2609,EUM
2610,EUMV
2611,EUO
2612,EURL
2613,EURN
2614,EURZ
2615,EUSA
2616,EUSC
2617,EV
2618,EVA
2619,EVBG
2620,EVBN
2621,EVC
2622,EVER
2623,EVF
2624,EVFM
2625,EVG
2626,EVGN
2627,EVH
2628,EVI
2629,EVK
2630,EVLO
2631,EVM
2632,EVN
2633,EVOK
2634,EVOL
2635,EVOP
2636,EVR
2637,EVRG
2638,EVRI
2639,EVSI
2640,EVSIW
2641,EVT
2642,EVTC
2643,EVV
2644,EVX
2645,EVY
2646,EW
2647,EWA
2648,EWBC
2649,EWC
2650,EWCO
2651,EWD
2652,EWG
2653,EWGS
2654,EWH
2655,EWI
2656,EWJ
2657,EWJE
2658,EWJV
2659,EWK
2660,EWL
2661,EWM
2662,EWMC
2663,EWN
2664,EWO
2665,EWP
2666,EWQ
2667,EWRE
2668,EWS
2669,EWSC
2670,EWT
2671,EWU
2672,EWUS
2673,EWV
2674,EWW
2675,EWX
2676,EWY
2677,EWZ
2678,EWZS
2679,EXAS
2680,EXC
2681,EXD
2682,EXEL
2683,EXFO
2684,EXG
2685,EXI
2686,EXK
2687,EXLS
2688,EXP
2689,EXPC
2690,EXPCU
2691,EXPCW
2692,EXPD
2693,EXPE
2694,EXPI
2695,EXPO
2696,EXPR
2697,EXR
2698,EXTN
2699,EXTR
2700,EYE
2701,EYEG
2702,EYEGW
2703,EYEN
2704,EYES
2705,EYESW
2706,EYLD
2707,EYPT
2708,EZA
2709,EZJ
2710,EZM
2711,EZPW
2712,EZT
2713,EZU
2714,F
2715,F-B
2716,F-C
2717,FAAR
2718,FAB
2719,FAD
2720,FAF
2721,FALN
2722,FAM
2723,FAMI
2724,FAN
2725,FANG
2726,FANH
2727,FARM
2728,FARO
2729,FAS
2730,FAST
2731,FAT
2732,FATE
2733,FAUG
2734,FAUS
2735,FAX
2736,FAZ
2737,FB
2738,FBC
2739,FBCG
2740,FBCV
2741,FBGX
2742,FBHS
2743,FBIO
2744,FBIOP
2745,FBIZ
2746,FBK
2747,FBM
2748,FBMS
2749,FBNC
2750,FBND
2751,FBP
2752,FBRX
2753,FBSS
2754,FBT
2755,FBZ
2756,FC
2757,FCA
2758,FCAL
2759,FCAN
2760,FCAP
2761,FCAU
2762,FCBC
2763,FCBP
2764,FCCO
2765,FCCY
2766,FCEF
2767,FCEL
2768,FCF
2769,FCFS
2770,FCG
2771,FCN
2772,FCNCA
2773,FCNCP
2774,FCO
2775,FCOM
2776,FCOR
2777,FCPI
2778,FCPT
2779,FCT
2780,FCTR
2781,FCVT
2782,FCX
2783,FDBC
2784,FDD
2785,FDEF
2786,FDEM
2787,FDEU
2788,FDEV
2789,FDG
2790,FDHY
2791,FDIS
2792,FDIV
2793,FDL
2794,FDLO
2795,FDM
2796,FDMO
2797,FDN
2798,FDNI
2799,FDP
2800,FDRR
2801,FDS
2802,FDT
2803,FDTS
2804,FDUS
2805,FDUSG
2806,FDUSL
2807,FDUSZ
2808,FDVV
2809,FDX
2810,FE
2811,FEAC
2812,FEAC=
2813,FEAC+
2814,FEDU
2815,FEI
2816,FEIM
2817,FELE
2818,FEM
2819,FEMB
2820,FEMS
2821,FEN
2822,FENC
2823,FENG
2824,FENY
2825,FEO
2826,FEP
2827,FET
2828,FEUL
2829,FEUZ
2830,FEX
2831,FEYE
2832,FEZ
2833,FF
2834,FFA
2835,FFBC
2836,FFBW
2837,FFC
2838,FFEB
2839,FFEU
2840,FFG
2841,FFHG
2842,FFHL
2843,FFIC
2844,FFIN
2845,FFIU
2846,FFIV
2847,FFNW
2848,FFR
2849,FFSG
2850,FFTG
2851,FFTI
2852,FFTY
2853,FFWM
2854,FGB
2855,FGBI
2856,FGD
2857,FGEN
2858,FGM
2859,FHB
2860,FHI
2861,FHK
2862,FHLC
2863,FHN
2864,FHN-A
2865,FHN-E
2866,FI
2867,FIBK
2868,FIBR
2869,FICO
2870,FID
2871,FIDI
2872,FIDU
2873,FIEE
2874,FIF
2875,FIHD
2876,FILL
2877,FINS
2878,FINV
2879,FINX
2880,FIS
2881,FISI
2882,FISK
2883,FISR
2884,FISV
2885,FIT
2886,FITB
2887,FITBI
2888,FITBO
2889,FITBP
2890,FITE
2891,FIV
2892,FIVA
2893,FIVE
2894,FIVG
2895,FIVN
2896,FIW
2897,FIX
2898,FIXD
2899,FIXX
2900,FIYY
2901,FIZZ
2902,FJNK
2903,FJP
2904,FKO
2905,FKU
2906,FL
2907,FLAT
2908,FLAU
2909,FLAX
2910,FLBL
2911,FLBR
2912,FLC
2913,FLCA
2914,FLCB
2915,FLCH
2916,FLCO
2917,FLDM
2918,FLDR
2919,FLEE
2920,FLEH
2921,FLEU
2922,FLEX
2923,FLFR
2924,FLGB
2925,FLGE
2926,FLGR
2927,FLGT
2928,FLGV
2929,FLHK
2930,FLHY
2931,FLIA
2932,FLIC
2933,FLIN
2934,FLIR
2935,FLIY
2936,FLJH
2937,FLJP
2938,FLKR
2939,FLL
2940,FLLA
2941,FLLV
2942,FLM
2943,FLMB
2944,FLMI
2945,FLMN
2946,FLMNW
2947,FLMX
2948,FLN
2949,FLNG
2950,FLNT
2951,FLO
2952,FLOT
2953,FLOW
2954,FLQD
2955,FLQE
2956,FLQG
2957,FLQH
2958,FLQL
2959,FLQM
2960,FLQS
2961,FLR
2962,FLRN
2963,FLRT
2964,FLRU
2965,FLS
2966,FLSA
2967,FLSP
2968,FLSW
2969,FLT
2970,FLTB
2971,FLTR
2972,FLTW
2973,FLV
2974,FLWS
2975,FLXN
2976,FLXS
2977,FLY
2978,FLYT
2979,FLZA
2980,FM
2981,FMAO
2982,FMAT
2983,FMAY
2984,FMB
2985,FMBH
2986,FMBI
2987,FMBIP
2988,FMC
2989,FMCI
2990,FMCIU
2991,FMCIW
2992,FMF
2993,FMHI
2994,FMIL
2995,FMK
2996,FMN
2997,FMNB
2998,FMO
2999,FMS
3000,FMTX
3001,FMX
3002,FMY
3003,FN
3004,FNB
3005,FNB-E
3006,FNCB
3007,FNCL
3008,FND
3009,FNDA
3010,FNDB
3011,FNDC
3012,FNDE
3013,FNDF
3014,FNDX
3015,FNF
3016,FNGD
3017,FNGO
3018,FNGS
3019,FNGU
3020,FNGZ
3021,FNHC
3022,FNI
3023,FNJN
3024,FNK
3025,FNKO
3026,FNLC
3027,FNOV
3028,FNV
3029,FNWB
3030,FNX
3031,FNY
3032,FOCS
3033,FOE
3034,FOF
3035,FOLD
3036,FONR
3037,FOR
3038,FORD
3039,FORK
3040,FORM
3041,FORR
3042,FORTY
3043,FOSL
3044,FOUR
3045,FOVL
3046,FOX
3047,FOXA
3048,FOXF
3049,FPA
3050,FPAC
3051,FPAC=
3052,FPAC+
3053,FPAY
3054,FPE
3055,FPEI
3056,FPF
3057,FPH
3058,FPI
3059,FPI-B
3060,FPL
3061,FPRX
3062,FPX
3063,FPXE
3064,FPXI
3065,FQAL
3066,FR
3067,FRA
3068,FRAF
3069,FRAK
3070,FRAN
3071,FRBA
3072,FRBK
3073,FRC
3074,FRC-F
3075,FRC-G
3076,FRC-H
3077,FRC-I
3078,FRC-J
3079,FRD
3080,FRDM
3081,FREL
3082,FREQ
3083,FRG
3084,FRGI
3085,FRHC
3086,FRI
3087,FRLG
3088,FRME
3089,FRO
3090,FRPH
3091,FRPT
3092,FRSX
3093,FRT
3094,FRT-C
3095,FRTA
3096,FSB
3097,FSBW
3098,FSCT
3099,FSD
3100,FSEA
3101,FSFG
3102,FSI
3103,FSK
3104,FSKR
3105,FSLF
3106,FSLR
3107,FSLY
3108,FSM
3109,FSMB
3110,FSMD
3111,FSP
3112,FSRV
3113,FSRVU
3114,FSRVW
3115,FSS
3116,FSTA
3117,FSTR
3118,FSV
3119,FSZ
3120,FT
3121,FTA
3122,FTAC
3123,FTACU
3124,FTACW
3125,FTAG
3126,FTAI
3127,FTAI-A
3128,FTAI-B
3129,FTC
3130,FTCH
3131,FTCS
3132,FTDR
3133,FTEC
3134,FTEK
3135,FTF
3136,FTFT
3137,FTGC
3138,FTHI
3139,FTI
3140,FTK
3141,FTLB
3142,FTLS
3143,FTNT
3144,FTRI
3145,FTS
3146,FTSD
3147,FTSI
3148,FTSL
3149,FTSM
3150,FTV
3151,FTV-A
3152,FTXD
3153,FTXG
3154,FTXH
3155,FTXL
3156,FTXN
3157,FTXO
3158,FTXR
3159,FUD
3160,FUE
3161,FUL
3162,FULC
3163,FULT
3164,FUMB
3165,FUN
3166,FUNC
3167,FUND
3168,FUSB
3169,FUT
3170,FUTU
3171,FUTY
3172,FUV
3173,FV
3174,FVAC=
3175,FVAL
3176,FVC
3177,FVCB
3178,FVD
3179,FVE
3180,FVL
3181,FVRR
3182,FWDB
3183,FWONA
3184,FWONK
3185,FWP
3186,FWRD
3187,FXA
3188,FXB
3189,FXC
3190,FXD
3191,FXE
3192,FXF
3193,FXG
3194,FXH
3195,FXI
3196,FXL
3197,FXN
3198,FXNC
3199,FXO
3200,FXP
3201,FXR
3202,FXU
3203,FXY
3204,FXZ
3205,FYC
3206,FYLD
3207,FYT
3208,FYX
3209,G
3210,GAA
3211,GAB
3212,GAB-G
3213,GAB-H
3214,GAB-J
3215,GAB-K
3216,GABC
3217,GAIA
3218,GAIN
3219,GAINL
3220,GAINM
3221,GAL
3222,GALT
3223,GAM
3224,GAM-B
3225,GAMR
3226,GAN
3227,GARS
3228,GASS
3229,GATX
3230,GAU
3231,GAZ
3232,GBAB
3233,GBCI
3234,GBDC
3235,GBDV
3236,GBF
3237,GBIL
3238,GBIO
3239,GBL
3240,GBLI
3241,GBLIL
3242,GBLIZ
3243,GBR
3244,GBT
3245,GBUG
3246,GBUY
3247,GBX
3248,GCAP
3249,GCBC
3250,GCC
3251,GCE
3252,GCI
3253,GCO
3254,GCOW
3255,GCP
3256,GCV
3257,GD
3258,GDAT
3259,GDDY
3260,GDEN
3261,GDL
3262,GDL-C
3263,GDMA
3264,GDNA
3265,GDO
3266,GDOT
3267,GDP
3268,GDS
3269,GDV
3270,GDV-A
3271,GDV-G
3272,GDV-H
3273,GDVD
3274,GDX
3275,GDXJ
3276,GDYN
3277,GDYNW
3278,GE
3279,GEC
3280,GECC
3281,GECCL
3282,GECCM
3283,GECCN
3284,GEF
3285,GEF.B
3286,GEL
3287,GEM
3288,GEN
3289,GENC
3290,GENE
3291,GENY
3292,GEO
3293,GEOS
3294,GER
3295,GERM
3296,GERN
3297,GES
3298,GEVO
3299,GF
3300,GFED
3301,GFF
3302,GFI
3303,GFIN
3304,GFL
3305,GFLU
3306,GFN
3307,GFNCP
3308,GFNSL
3309,GFY
3310,GGAL
3311,GGB
3312,GGG
3313,GGM
3314,GGN
3315,GGN-B
3316,GGO
3317,GGO-A
3318,GGT
3319,GGT-E
3320,GGT-G
3321,GGZ
3322,GGZ-A
3323,GH
3324,GHC
3325,GHG
3326,GHIV
3327,GHIVU
3328,GHIVW
3329,GHL
3330,GHM
3331,GHSI
3332,GHY
3333,GHYB
3334,GHYG
3335,GIB
3336,GIFI
3337,GIGB
3338,GIGE
3339,GIGM
3340,GII
3341,GIII
3342,GIK=
3343,GIL
3344,GILD
3345,GILT
3346,GIM
3347,GIS
3348,GIX
3349,GIX^
3350,GIX=
3351,GIX+
3352,GJH
3353,GJO
3354,GJP
3355,GJR
3356,GJS
3357,GJT
3358,GKOS
3359,GL
3360,GL-C
3361,GLAD
3362,GLADD
3363,GLADL
3364,GLBS
3365,GLBZ
3366,GLCN
3367,GLD
3368,GLDD
3369,GLDI
3370,GLDM
3371,GLEO
3372,GLEO=
3373,GLEO+
3374,GLG
3375,GLIBA
3376,GLIBP
3377,GLIF
3378,GLIN
3379,GLL
3380,GLMD
3381,GLNG
3382,GLO
3383,GLOB
3384,GLOG
3385,GLOG-A
3386,GLOP
3387,GLOP-A
3388,GLOP-B
3389,GLOP-C
3390,GLP
3391,GLP-A
3392,GLPG
3393,GLPI
3394,GLQ
3395,GLRE
3396,GLT
3397,GLTR
3398,GLU
3399,GLU-A
3400,GLU-B
3401,GLUU
3402,GLV
3403,GLW
3404,GLYC
3405,GM
3406,GMAB
3407,GMAN
3408,GMBL
3409,GMBLW
3410,GMDA
3411,GME
3412,GMED
3413,GMF
3414,GMHI
3415,GMHIU
3416,GMHIW
3417,GMLP
3418,GMLPP
3419,GMO
3420,GMOM
3421,GMRE
3422,GMRE-A
3423,GMS
3424,GMTA
3425,GMZ
3426,GNAF
3427,GNC
3428,GNCA
3429,GNE
3430,GNE-A
3431,GNFT
3432,GNK
3433,GNL
3434,GNL-A
3435,GNL-B
3436,GNLN
3437,GNMA
3438,GNMK
3439,GNOM
3440,GNPX
3441,GNR
3442,GNRC
3443,GNRS
3444,GNRSU
3445,GNRSW
3446,GNSS
3447,GNT
3448,GNT-A
3449,GNTX
3450,GNTY
3451,GNUS
3452,GNW
3453,GO
3454,GOAT
3455,GOAU
3456,GOEX
3457,GOF
3458,GOGL
3459,GOGO
3460,GOL
3461,GOLD
3462,GOLF
3463,GOOD
3464,GOODM
3465,GOODN
3466,GOOG
3467,GOOGL
3468,GOOS
3469,GORO
3470,GOSS
3471,GOVT
3472,GPAQ
3473,GPAQU
3474,GPAQW
3475,GPC
3476,GPI
3477,GPJA
3478,GPK
3479,GPL
3480,GPM
3481,GPMT
3482,GPN
3483,GPOR
3484,GPP
3485,GPRE
3486,GPRK
3487,GPRO
3488,GPS
3489,GPX
3490,GQRE
3491,GRA
3492,GRAF
3493,GRAF=
3494,GRAF+
3495,GRAM
3496,GRBK
3497,GRC
3498,GREK
3499,GRES
3500,GRF
3501,GRFS
3502,GRID
3503,GRIF
3504,GRIL
3505,GRIN
3506,GRMN
3507,GRN
3508,GRNB
3509,GRNQ
3510,GRNV
3511,GRNVR
3512,GRNVU
3513,GRNVW
3514,GROW
3515,GRP=
3516,GRPN
3517,GRTS
3518,GRTX
3519,GRU
3520,GRUB
3521,GRVY
3522,GRWG
3523,GRX
3524,GRX-B
3525,GS
3526,GS-A
3527,GS-C
3528,GS-D
3529,GS-J
3530,GS-K
3531,GS-N
3532,GSAT
3533,GSB
3534,GSBC
3535,GSBD
3536,GSC
3537,GSEE
3538,GSEU
3539,GSEW
3540,GSG
3541,GSH
3542,GSHD
3543,GSID
3544,GSIE
3545,GSIT
3546,GSJY
3547,GSK
3548,GSKY
3549,GSL
3550,GSL-B
3551,GSLC
3552,GSLD
3553,GSM
3554,GSMG
3555,GSMGW
3556,GSP
3557,GSS
3558,GSSC
3559,GSST
3560,GSUM
3561,GSUS
3562,GSV
3563,GSX
3564,GSY
3565,GT
3566,GTE
3567,GTEC
3568,GTES
3569,GTH
3570,GTHX
3571,GTIM
3572,GTIP
3573,GTLS
3574,GTN
3575,GTN.A
3576,GTO
3577,GTS
3578,GTT
3579,GTX
3580,GTY
3581,GTYH
3582,GUDB
3583,GUNR
3584,GURE
3585,GURU
3586,GUSH
3587,GUT
3588,GUT-A
3589,GUT-C
3590,GV
3591,GVA
3592,GVAL
3593,GVI
3594,GVIP
3595,GVP
3596,GWB
3597,GWGH
3598,GWPH
3599,GWRE
3600,GWRS
3601,GWW
3602,GWX
3603,GXC
3604,GXF
3605,GXG
3606,GXGX
3607,GXGXU
3608,GXGXW
3609,GXTG
3610,GYC
3611,GYLD
3612,GYRO
3613,H
3614,HA
3615,HACK
3616,HAE
3617,HAFC
3618,HAIL
3619,HAIN
3620,HAL
3621,HALL
3622,HALO
3623,HAP
3624,HAPP
3625,HARP
3626,HAS
3627,HASI
3628,HAUD
3629,HAUZ
3630,HAWX
3631,HAYN
3632,HBAN
3633,HBANN
3634,HBANO
3635,HBB
3636,HBCP
3637,HBI
3638,HBIO
3639,HBM
3640,HBMD
3641,HBNC
3642,HBP
3643,HBT
3644,HCA
3645,HCAC
3646,HCACU
3647,HCACW
3648,HCAP
3649,HCAPZ
3650,HCAT
3651,HCC
3652,HCCH
3653,HCCHR
3654,HCCHU
3655,HCCHW
3656,HCCI
3657,HCCO
3658,HCCOU
3659,HCCOW
3660,HCFT
3661,HCHC
3662,HCI
3663,HCKT
3664,HCM
3665,HCR
3666,HCRB
3667,HCSG
3668,HCXY
3669,HCXZ
3670,HD
3671,HDAW
3672,HDB
3673,HDEF
3674,HDG
3675,HDGE
3676,HDIV
3677,HDLB
3678,HDMV
3679,HDS
3680,HDSN
3681,HDV
3682,HE
3683,HEAR
3684,HEBT
3685,HECCU
3686,HEDJ
3687,HEEM
3688,HEES
3689,HEFA
3690,HEI
3691,HEI.A
3692,HELE
3693,HELX
3694,HEP
3695,HEPA
3696,HEQ
3697,HERD
3698,HERO
3699,HES
3700,HESM
3701,HEWC
3702,HEWG
3703,HEWI
3704,HEWJ
3705,HEWL
3706,HEWP
3707,HEWU
3708,HEWW
3709,HEWY
3710,HEXO
3711,HEZU
3712,HFBL
3713,HFC
3714,HFFG
3715,HFRO
3716,HFRO-A
3717,HFWA
3718,HFXE
3719,HFXI
3720,HFXJ
3721,HGH
3722,HGLB
3723,HGSH
3724,HGV
3725,HHC
3726,HHR
3727,HHS
3728,HHT
3729,HI
3730,HIBB
3731,HIBL
3732,HIBS
3733,HIE
3734,HIFS
3735,HIG
3736,HIG-G
3737,HIHO
3738,HII
3739,HIL
3740,HIMX
3741,HIO
3742,HIPR
3743,HIPS
3744,HIW
3745,HIX
3746,HJLI
3747,HJLIW
3748,HJPX
3749,HKIB
3750,HL
3751,HL-B
3752,HLAL
3753,HLF
3754,HLG
3755,HLI
3756,HLIO
3757,HLIT
3758,HLM-
3759,HLNE
3760,HLT
3761,HLX
3762,HMC
3763,HMG
3764,HMHC
3765,HMI
3766,HMLP
3767,HMLP-A
3768,HMN
3769,HMNF
3770,HMOP
3771,HMST
3772,HMSY
3773,HMTV
3774,HMY
3775,HNDL
3776,HNGR
3777,HNI
3778,HNNA
3779,HNP
3780,HNRG
3781,HNW
3782,HOFT
3783,HOG
3784,HOLD
3785,HOLI
3786,HOLX
3787,HOMB
3788,HOME
3789,HOMZ
3790,HON
3791,HONE
3792,HOOK
3793,HOPE
3794,HOTH
3795,HOV
3796,HOVNP
3797,HP
3798,HPE
3799,HPF
3800,HPI
3801,HPP
3802,HPQ
3803,HPR
3804,HPS
3805,HQH
3806,HQI
3807,HQL
3808,HQY
3809,HR
3810,HRB
3811,HRC
3812,HRI
3813,HRL
3814,HROW
3815,HRTG
3816,HRTX
3817,HRZN
3818,HSBC
3819,HSBC-A
3820,HSC
3821,HSCZ
3822,HSDT
3823,HSIC
3824,HSII
3825,HSKA
3826,HSMV
3827,HSON
3828,HSPX
3829,HSRT
3830,HST
3831,HSTM
3832,HSTO
3833,HSY
3834,HT
3835,HT-C
3836,HT-D
3837,HT-E
3838,HTA
3839,HTAB
3840,HTBI
3841,HTBK
3842,HTBX
3843,HTD
3844,HTEC
3845,HTFA
3846,HTGC
3847,HTGM
3848,HTH
3849,HTHT
3850,HTIA
3851,HTLD
3852,HTLF
3853,HTRB
3854,HTUS
3855,HTY
3856,HTZ
3857,HUBB
3858,HUBG
3859,HUBS
3860,HUD
3861,HUGE
3862,HUIZ
3863,HUM
3864,HUN
3865,HURC
3866,HURN
3867,HUSA
3868,HUSN
3869,HUSV
3870,HUYA
3871,HVBC
3872,HVT
3873,HVT.A
3874,HWBK
3875,HWC
3876,HWCC
3877,HWCPL
3878,HWCPZ
3879,HWKN
3880,HWM
3881,HWM-
3882,HX
3883,HXL
3884,HY
3885,HYAC
3886,HYACU
3887,HYACW
3888,HYB
3889,HYD
3890,HYDB
3891,HYDW
3892,HYEM
3893,HYG
3894,HYGH
3895,HYGV
3896,HYHG
3897,HYI
3898,HYLB
3899,HYLD
3900,HYLS
3901,HYLV
3902,HYMB
3903,HYMC
3904,HYMCW
3905,HYRE
3906,HYS
3907,HYT
3908,HYTR
3909,HYUP
3910,HYXE
3911,HYXU
3912,HYZD
3913,HZN
3914,HZNP
3915,HZO
3916,IAA
3917,IAC
3918,IAE
3919,IAF
3920,IAG
3921,IAGG
3922,IAI
3923,IAK
3924,IART
3925,IAT
3926,IAU
3927,IAUF
3928,IBA
3929,IBB
3930,IBCE
3931,IBCP
3932,IBD
3933,IBDD
3934,IBDL
3935,IBDM
3936,IBDN
3937,IBDO
3938,IBDP
3939,IBDQ
3940,IBDR
3941,IBDS
3942,IBDT
3943,IBDU
3944,IBHA
3945,IBHB
3946,IBHC
3947,IBHD
3948,IBHE
3949,IBIO
3950,IBKC
3951,IBKCN
3952,IBKCO
3953,IBKCP
3954,IBKR
3955,IBM
3956,IBMI
3957,IBMJ
3958,IBMK
3959,IBML
3960,IBMM
3961,IBMN
3962,IBMO
3963,IBMP
3964,IBMQ
3965,IBN
3966,IBND
3967,IBOC
3968,IBP
3969,IBTA
3970,IBTB
3971,IBTD
3972,IBTE
3973,IBTF
3974,IBTG
3975,IBTH
3976,IBTI
3977,IBTJ
3978,IBTX
3979,IBUY
3980,ICAD
3981,ICBK
3982,ICCC
3983,ICCH
3984,ICD
3985,ICE
3986,ICF
3987,ICFI
3988,ICHR
3989,ICL
3990,ICLK
3991,ICLN
3992,ICLR
3993,ICMB
3994,ICOL
3995,ICON
3996,ICOW
3997,ICPT
3998,ICSH
3999,ICUI
4000,ICVT
4001,IDA
4002,IDCC
4003,IDE
4004,IDEV
4005,IDEX
4006,IDHD
4007,IDHQ
4008,IDIV
4009,IDLB
4010,IDLV
4011,IDMO
4012,IDN
4013,IDNA
4014,IDOG
4015,IDRA
4016,IDRV
4017,IDT
4018,IDU
4019,IDV
4020,IDX
4021,IDXG
4022,IDXX
4023,IDY
4024,IDYA
4025,IEA
4026,IEAWW
4027,IEC
4028,IECS
4029,IEDI
4030,IEF
4031,IEFA
4032,IEFN
4033,IEHS
4034,IEI
4035,IEIH
4036,IEME
4037,IEMG
4038,IEO
4039,IEP
4040,IESC
4041,IETC
4042,IEUR
4043,IEUS
4044,IEV
4045,IEX
4046,IEZ
4047,IFEU
4048,IFF
4049,IFFT
4050,IFGL
4051,IFMK
4052,IFN
4053,IFRA
4054,IFRX
4055,IFS
4056,IFV
4057,IG
4058,IGA
4059,IGBH
4060,IGC
4061,IGD
4062,IGE
4063,IGEB
4064,IGF
4065,IGHG
4066,IGI
4067,IGIB
4068,IGIC
4069,IGICW
4070,IGLB
4071,IGM
4072,IGMS
4073,IGN
4074,IGOV
4075,IGR
4076,IGRO
4077,IGSB
4078,IGT
4079,IGV
4080,IHAK
4081,IHC
4082,IHD
4083,IHDG
4084,IHE
4085,IHF
4086,IHG
4087,IHI
4088,IHIT
4089,IHRT
4090,IHT
4091,IHTA
4092,IHY
4093,IID
4094,IIF
4095,IIGD
4096,IIGV
4097,III
4098,IIIN
4099,IIIV
4100,IIM
4101,IIN
4102,IIPR
4103,IIPR-A
4104,IIVI
4105,IJAN
4106,IJH
4107,IJJ
4108,IJK
4109,IJR
4110,IJS
4111,IJT
4112,IJUL
4113,IKNX
4114,ILF
4115,ILMN
4116,ILPT
4117,ILTB
4118,IMAB
4119,IMAC
4120,IMACW
4121,IMAX
4122,IMBI
4123,IMGN
4124,IMH
4125,IMKTA
4126,IMLP
4127,IMMP
4128,IMMR
4129,IMMU
4130,IMO
4131,IMOM
4132,IMOS
4133,IMRA
4134,IMRN
4135,IMRNW
4136,IMTB
4137,IMTE
4138,IMTM
4139,IMUX
4140,IMV
4141,IMVT
4142,IMXI
4143,INBK
4144,INBKL
4145,INBKZ
4146,INCO
4147,INCY
4148,INDA
4149,INDB
4150,INDL
4151,INDO
4152,INDS
4153,INDY
4154,INFI
4155,INFN
4156,INFO
4157,INFR
4158,INFU
4159,INFY
4160,ING
4161,INGN
4162,INGR
4163,INKM
4164,INMB
4165,INMD
4166,INN
4167,INN-D
4168,INN-E
4169,INO
4170,INOD
4171,INOV
4172,INPX
4173,INS
4174,INSE
4175,INSG
4176,INSI
4177,INSM
4178,INSP
4179,INSU
4180,INSUU
4181,INSUW
4182,INSW
4183,INSW-A
4184,INT
4185,INTC
4186,INTF
4187,INTG
4188,INTL
4189,INTT
4190,INTU
4191,INUV
4192,INVA
4193,INVE
4194,INVH
4195,INWK
4196,IO
4197,IONS
4198,IOO
4199,IOR
4200,IOSP
4201,IOTS
4202,IOVA
4203,IP
4204,IPAC
4205,IPAR
4206,IPAY
4207,IPB
4208,IPDN
4209,IPFF
4210,IPG
4211,IPGP
4212,IPHA
4213,IPHI
4214,IPI
4215,IPKW
4216,IPLDP
4217,IPO
4218,IPOB
4219,IPOB=
4220,IPOB+
4221,IPOC
4222,IPOC=
4223,IPOC+
4224,IPOS
4225,IPV
4226,IPV=
4227,IPV+
4228,IPWR
4229,IQ
4230,IQDE
4231,IQDF
4232,IQDG
4233,IQDY
4234,IQI
4235,IQIN
4236,IQLT
4237,IQM
4238,IQSI
4239,IQSU
4240,IQV
4241,IR
4242,IRBO
4243,IRBT
4244,IRCP
4245,IRDM
4246,IRET
4247,IRET-C
4248,IRIX
4249,IRL
4250,IRM
4251,IRMD
4252,IROQ
4253,IRR
4254,IRS
4255,IRT
4256,IRTC
4257,IRWD
4258,ISBC
4259,ISCF
4260,ISD
4261,ISDR
4262,ISDS
4263,ISDX
4264,ISEE
4265,ISEM
4266,ISHG
4267,ISIG
4268,ISMD
4269,ISNS
4270,ISR
4271,ISRA
4272,ISRG
4273,ISSC
4274,ISTB
4275,ISTR
4276,ISZE
4277,IT
4278,ITA
4279,ITB
4280,ITCB
4281,ITCI
4282,ITEQ
4283,ITGR
4284,ITI
4285,ITIC
4286,ITM
4287,ITMR
4288,ITOT
4289,ITP
4290,ITRI
4291,ITRM
4292,ITRN
4293,ITT
4294,ITUB
4295,ITW
4296,IUS
4297,IUSB
4298,IUSG
4299,IUSS
4300,IUSV
4301,IVAC
4302,IVAL
4303,IVC
4304,IVE
4305,IVES
4306,IVH
4307,IVLU
4308,IVOG
4309,IVOL
4310,IVOO
4311,IVOV
4312,IVR
4313,IVR-A
4314,IVR-B
4315,IVR-C
4316,IVV
4317,IVW
4318,IVZ
4319,IWB
4320,IWC
4321,IWD
4322,IWF
4323,IWL
4324,IWM
4325,IWN
4326,IWO
4327,IWP
4328,IWR
4329,IWS
4330,IWV
4331,IWX
4332,IWY
4333,IX
4334,IXC
4335,IXG
4336,IXJ
4337,IXN
4338,IXP
4339,IXSE
4340,IXUS
4341,IYC
4342,IYE
4343,IYF
4344,IYG
4345,IYH
4346,IYJ
4347,IYK
4348,IYLD
4349,IYM
4350,IYR
4351,IYT
4352,IYW
4353,IYY
4354,IYZ
4355,IZEA
4356,IZRL
4357,J
4358,JACK
4359,JAGG
4360,JAGX
4361,JAKK
4362,JAN
4363,JAX
4364,JAZZ
4365,JBGS
4366,JBHT
4367,JBK
4368,JBL
4369,JBLU
4370,JBSS
4371,JBT
4372,JCAP
4373,JCAP-B
4374,JCE
4375,JCI
4376,JCO
4377,JCOM
4378,JCPB
4379,JCS
4380,JCTCF
4381,JD
4382,JDD
4383,JDIV
4384,JDST
4385,JE
4386,JE-A
4387,JEF
4388,JELD
4389,JEMD
4390,JEPI
4391,JEQ
4392,JETS
4393,JFIN
4394,JFK
4395,JFKKR
4396,JFKKU
4397,JFKKW
4398,JFR
4399,JFU
4400,JG
4401,JGH
4402,JHAA
4403,JHB
4404,JHCS
4405,JHEM
4406,JHG
4407,JHI
4408,JHMA
4409,JHMC
4410,JHMD
4411,JHME
4412,JHMF
4413,JHMH
4414,JHMI
4415,JHML
4416,JHMM
4417,JHMS
4418,JHMT
4419,JHMU
4420,JHS
4421,JHSC
4422,JHX
4423,JHY
4424,JIG
4425,JIGB
4426,JIH
4427,JIH=
4428,JIH+
4429,JILL
4430,JJA
4431,JJC
4432,JJE
4433,JJG
4434,JJM
4435,JJN
4436,JJP
4437,JJS
4438,JJSF
4439,JJT
4440,JJU
4441,JKD
4442,JKE
4443,JKF
4444,JKG
4445,JKH
4446,JKHY
4447,JKI
4448,JKJ
4449,JKK
4450,JKL
4451,JKS
4452,JLL
4453,JLS
4454,JMBS
4455,JMIA
4456,JMIN
4457,JMM
4458,JMOM
4459,JMP
4460,JMPNL
4461,JMPNZ
4462,JMST
4463,JMUB
4464,JNCE
4465,JNJ
4466,JNK
4467,JNPR
4468,JNUG
4469,JO
4470,JOB
4471,JOBS
4472,JOE
4473,JOF
4474,JOUT
4475,JOYY
4476,JP
4477,JPC
4478,JPED
4479,JPEM
4480,JPGB
4481,JPGE
4482,JPHF
4483,JPHY
4484,JPI
4485,JPIN
4486,JPM
4487,JPM-C
4488,JPM-D
4489,JPM-G
4490,JPM-H
4491,JPM-J
4492,JPMB
4493,JPME
4494,JPMV
4495,JPN
4496,JPNL
4497,JPS
4498,JPSE
4499,JPST
4500,JPT
4501,JPUS
4502,JPXN
4503,JQC
4504,JQUA
4505,JRI
4506,JRJC
4507,JRO
4508,JRS
4509,JRSH
4510,JRVR
4511,JSD
4512,JSM
4513,JSMD
4514,JSML
4515,JT
4516,JTA
4517,JTD
4518,JUST
4519,JVA
4520,JVAL
4521,JW.A
4522,JW.B
4523,JWN
4524,JWS=
4525,JXI
4526,JYNT
4527,K
4528,KAI
4529,KALA
4530,KALL
4531,KALU
4532,KALV
4533,KAMN
4534,KAPR
4535,KAR
4536,KARS
4537,KB
4538,KBA
4539,KBAL
4540,KBE
4541,KBH
4542,KBLM
4543,KBLMR
4544,KBLMU
4545,KBLMW
4546,KBR
4547,KBSF
4548,KBWB
4549,KBWD
4550,KBWP
4551,KBWR
4552,KBWY
4553,KC
4554,KCAPL
4555,KCCB
4556,KCE
4557,KCNY
4558,KDFI
4559,KDMN
4560,KDP
4561,KE
4562,KELYA
4563,KELYB
4564,KEMQ
4565,KEMX
4566,KEN
4567,KEP
4568,KEQU
4569,KERN
4570,KERNW
4571,KEX
4572,KEY
4573,KEY-I
4574,KEY-J
4575,KEY-K
4576,KEYS
4577,KF
4578,KFFB
4579,KFRC
4580,KFS
4581,KFY
4582,KFYP
4583,KGC
4584,KGJI
4585,KGRN
4586,KHC
4587,KIDS
4588,KIE
4589,KIM
4590,KIM-L
4591,KIM-M
4592,KIN
4593,KINS
4594,KIO
4595,KIQ
4596,KIRK
4597,KJAN
4598,KKR
4599,KKR-A
4600,KKR-B
4601,KL
4602,KLAC
4603,KLCD
4604,KLDO
4605,KLDW
4606,KLIC
4607,KLR
4608,KLR+
4609,KLXE
4610,KMB
4611,KMDA
4612,KMED
4613,KMF
4614,KMI
4615,KMPR
4616,KMT
4617,KMX
4618,KN
4619,KNAB
4620,KNDI
4621,KNG
4622,KNL
4623,KNOP
4624,KNOW
4625,KNSA
4626,KNSL
4627,KNX
4628,KO
4629,KOCT
4630,KOD
4631,KODK
4632,KOF
4633,KOIN
4634,KOKU
4635,KOL
4636,KOLD
4637,KOMP
4638,KOP
4639,KOPN
4640,KORP
4641,KORU
4642,KOS
4643,KOSS
4644,KPTI
4645,KR
4646,KRA
4647,KRC
4648,KRE
4649,KREF
4650,KRG
4651,KRKR
4652,KRMA
4653,KRMD
4654,KRNT
4655,KRNY
4656,KRO
4657,KROS
4658,KRP
4659,KRTX
4660,KRUS
4661,KRYS
4662,KSA
4663,KSCD
4664,KSM
4665,KSS
4666,KSU
4667,KSU-
4668,KT
4669,KTB
4670,KTCC
4671,KTF
4672,KTH
4673,KTN
4674,KTOS
4675,KTOV
4676,KTOVW
4677,KURA
4678,KURE
4679,KVHI
4680,KW
4681,KWEB
4682,KWR
4683,KXI
4684,KXIN
4685,KYN
4686,KZIA
4687,KZR
4688,L
4689,LABD
4690,LABU
4691,LAC
4692,LACK
4693,LACQ
4694,LACQU
4695,LACQW
4696,LAD
4697,LADR
4698,LAIX
4699,LAKE
4700,LAMR
4701,LANC
4702,LAND
4703,LANDP
4704,LARK
4705,LASR
4706,LATN
4707,LATNU
4708,LATNW
4709,LAUR
4710,LAWS
4711,LAZ
4712,LAZY
4713,LB
4714,LBAI
4715,LBC
4716,LBJ
4717,LBRDA
4718,LBRDK
4719,LBRT
4720,LBTYA
4721,LBTYB
4722,LBTYK
4723,LC
4724,LCA
4725,LCAHU
4726,LCAHW
4727,LCI
4728,LCII
4729,LCNB
4730,LCR
4731,LCTX
4732,LCUT
4733,LD
4734,LDEM
4735,LDL
4736,LDOS
4737,LDP
4738,LDRS
4739,LDSF
4740,LDUR
4741,LE
4742,LEA
4743,LEAD
4744,LEAF
4745,LECO
4746,LEDS
4747,LEE
4748,LEG
4749,LEGH
4750,LEGN
4751,LEGR
4752,LEJU
4753,LEMB
4754,LEN
4755,LEN.B
4756,LEND
4757,LEO
4758,LEU
4759,LEVI
4760,LEVL
4761,LFAC
4762,LFACU
4763,LFACW
4764,LFC
4765,LFEQ
4766,LFUS
4767,LFVN
4768,LGC
4769,LGC=
4770,LGC+
4771,LGF.A
4772,LGF.B
4773,LGH
4774,LGHL
4775,LGHLW
4776,LGI
4777,LGIH
4778,LGL
4779,LGLV
4780,LGND
4781,LGOV
4782,LGVW=
4783,LH
4784,LHC
4785,LHC=
4786,LHC+
4787,LHCG
4788,LHX
4789,LIFE
4790,LII
4791,LILA
4792,LILAK
4793,LIN
4794,LINC
4795,LIND
4796,LINX
4797,LIQT
4798,LIT
4799,LITB
4800,LITE
4801,LIVE
4802,LIVK
4803,LIVKU
4804,LIVKW
4805,LIVN
4806,LIVX
4807,LIZI
4808,LJPC
4809,LK
4810,LKCO
4811,LKFN
4812,LKOR
4813,LKQ
4814,LL
4815,LLEX
4816,LLIT
4817,LLNW
4818,LLY
4819,LM
4820,LMAT
4821,LMB
4822,LMBS
4823,LMFA
4824,LMFAW
4825,LMHA
4826,LMHB
4827,LMLB
4828,LMNL
4829,LMNR
4830,LMNX
4831,LMPX
4832,LMRK
4833,LMRKN
4834,LMRKO
4835,LMRKP
4836,LMST
4837,LMT
4838,LN
4839,LNC
4840,LND
4841,LNDC
4842,LNG
4843,LNGR
4844,LNN
4845,LNT
4846,LNTH
4847,LOAC
4848,LOACR
4849,LOACU
4850,LOACW
4851,LOAK
4852,LOAK=
4853,LOAK+
4854,LOAN
4855,LOB
4856,LOCO
4857,LODE
4858,LOGC
4859,LOGI
4860,LOGM
4861,LOMA
4862,LONE
4863,LOOP
4864,LOPE
4865,LORL
4866,LOUP
4867,LOV
4868,LOVE
4869,LOW
4870,LOWC
4871,LPCN
4872,LPG
4873,LPI
4874,LPL
4875,LPLA
4876,LPRO
4877,LPSN
4878,LPTH
4879,LPTX
4880,LPX
4881,LQD
4882,LQDA
4883,LQDH
4884,LQDI
4885,LQDT
4886,LRCX
4887,LRGE
4888,LRGF
4889,LRMR
4890,LRN
4891,LRNZ
4892,LSAC
4893,LSACU
4894,LSACW
4895,LSAF
4896,LSBK
4897,LSCC
4898,LSI
4899,LSLT
4900,LSST
4901,LSTR
4902,LSXMA
4903,LSXMB
4904,LSXMK
4905,LTBR
4906,LTC
4907,LTHM
4908,LTL
4909,LTPZ
4910,LTRN
4911,LTRPA
4912,LTRPB
4913,LTRX
4914,LUB
4915,LULU
4916,LUMO
4917,LUNA
4918,LUV
4919,LVGO
4920,LVHB
4921,LVHD
4922,LVHI
4923,LVS
4924,LVUS
4925,LW
4926,LWAY
4927,LX
4928,LXFR
4929,LXP
4930,LXP-C
4931,LXRX
4932,LXU
4933,LYB
4934,LYFT
4935,LYG
4936,LYL
4937,LYRA
4938,LYTS
4939,LYV
4940,LZB
4941,M
4942,MA
4943,MAA
4944,MAA-I
4945,MAAX
4946,MAC
4947,MACK
4948,MAG
4949,MAGA
4950,MAGS
4951,MAIN
4952,MAN
4953,MANH
4954,MANT
4955,MANU
4956,MAR
4957,MARA
4958,MARB
4959,MARK
4960,MARPS
4961,MAS
4962,MASI
4963,MAT
4964,MATW
4965,MATX
4966,MAV
4967,MAXR
4968,MAYS
4969,MBB
4970,MBCN
4971,MBI
4972,MBII
4973,MBIN
4974,MBINO
4975,MBINP
4976,MBIO
4977,MBNKP
4978,MBOT
4979,MBRX
4980,MBSD
4981,MBT
4982,MBUU
4983,MBWM
4984,MC
4985,MCA
4986,MCACU
4987,MCB
4988,MCBC
4989,MCBS
4990,MCC
4991,MCD
4992,MCEF
4993,MCEP
4994,MCF
4995,MCFT
4996,MCHI
4997,MCHP
4998,MCHX
4999,MCI
5000,MCK
5001,MCMJ
5002,MCMJW
5003,MCN
5004,MCO
5005,MCR
5006,MCRB
5007,MCRI
5008,MCRO
5009,MCS
5010,MCV
5011,MCX
5012,MCY
5013,MD
5014,MDB
5015,MDC
5016,MDCA
5017,MDGL
5018,MDGS
5019,MDGSW
5020,MDIA
5021,MDIV
5022,MDJH
5023,MDLA
5024,MDLQ
5025,MDLX
5026,MDLY
5027,MDLZ
5028,MDP
5029,MDRR
5030,MDRRP
5031,MDRX
5032,MDT
5033,MDU
5034,MDWD
5035,MDY
5036,MDYG
5037,MDYV
5038,MEAR
5039,MEC
5040,MED
5041,MEDP
5042,MEDS
5043,MEET
5044,MEI
5045,MEIP
5046,MELI
5047,MEN
5048,MEOH
5049,MER-K
5050,MERC
5051,MESA
5052,MESO
5053,MET
5054,MET-A
5055,MET-E
5056,MET-F
5057,METC
5058,METX
5059,METXW
5060,MEXX
5061,MFA
5062,MFA-B
5063,MFA-C
5064,MFAC
5065,MFAC=
5066,MFAC+
5067,MFC
5068,MFD
5069,MFDX
5070,MFEM
5071,MFG
5072,MFGP
5073,MFH
5074,MFIN
5075,MFINL
5076,MFL
5077,MFM
5078,MFMS
5079,MFNC
5080,MFO
5081,MFT
5082,MFUS
5083,MFV
5084,MG
5085,MGA
5086,MGC
5087,MGEE
5088,MGEN
5089,MGF
5090,MGI
5091,MGIC
5092,MGK
5093,MGLN
5094,MGM
5095,MGNX
5096,MGP
5097,MGPI
5098,MGR
5099,MGRC
5100,MGTA
5101,MGTX
5102,MGU
5103,MGV
5104,MGY
5105,MGYR
5106,MH-A
5107,MH-C
5108,MH-D
5109,MHD
5110,MHE
5111,MHF
5112,MHH
5113,MHI
5114,MHK
5115,MHLA
5116,MHLD
5117,MHN
5118,MHNC
5119,MHO
5120,MIC
5121,MICT
5122,MIDD
5123,MIDF
5124,MIDU
5125,MIE
5126,MIK
5127,MILN
5128,MIME
5129,MIN
5130,MINC
5131,MIND
5132,MINDP
5133,MINI
5134,MINT
5135,MIRM
5136,MIST
5137,MITK
5138,MITO
5139,MITT
5140,MITT-A
5141,MITT-B
5142,MITT-C
5143,MIXT
5144,MIY
5145,MJ
5146,MJCO
5147,MJJ
5148,MJO
5149,MKC
5150,MKC.V
5151,MKD
5152,MKGI
5153,MKL
5154,MKSI
5155,MKTX
5156,MLAB
5157,MLCO
5158,MLHR
5159,MLI
5160,MLM
5161,MLN
5162,MLND
5163,MLP
5164,MLPA
5165,MLPB
5166,MLPC
5167,MLPE
5168,MLPG
5169,MLPI
5170,MLPO
5171,MLPR
5172,MLPX
5173,MLPY
5174,MLR
5175,MLSS
5176,MLVF
5177,MMAC
5178,MMC
5179,MMD
5180,MMI
5181,MMIN
5182,MMIT
5183,MMLP
5184,MMM
5185,MMP
5186,MMS
5187,MMSI
5188,MMT
5189,MMTM
5190,MMU
5191,MMX
5192,MMYT
5193,MN
5194,MNA
5195,MNCL
5196,MNCLU
5197,MNCLW
5198,MNDO
5199,MNK
5200,MNKD
5201,MNLO
5202,MNOV
5203,MNP
5204,MNPR
5205,MNR
5206,MNR-C
5207,MNRL
5208,MNRO
5209,MNSB
5210,MNST
5211,MNTA
5212,MNTX
5213,MO
5214,MOAT
5215,MOBL
5216,MOD
5217,MODN
5218,MOFG
5219,MOG.A
5220,MOG.B
5221,MOGO
5222,MOGU
5223,MOH
5224,MOHO
5225,MOM
5226,MOMO
5227,MOO
5228,MOR
5229,MORF
5230,MORN
5231,MORT
5232,MOS
5233,MOSY
5234,MOTI
5235,MOTO
5236,MOTS
5237,MOV
5238,MOXC
5239,MPA
5240,MPAA
5241,MPB
5242,MPC
5243,MPLX
5244,MPV
5245,MPW
5246,MPWR
5247,MPX
5248,MQT
5249,MQY
5250,MR
5251,MRAM
5252,MRBK
5253,MRC
5254,MRCC
5255,MRCCL
5256,MRCY
5257,MREO
5258,MRGR
5259,MRIN
5260,MRK
5261,MRKR
5262,MRLN
5263,MRNA
5264,MRNS
5265,MRO
5266,MRSN
5267,MRTN
5268,MRTX
5269,MRUS
5270,MRVL
5271,MS
5272,MS-A
5273,MS-E
5274,MS-F
5275,MS-I
5276,MS-K
5277,MS-L
5278,MSA
5279,MSB
5280,MSBF
5281,MSBI
5282,MSC
5283,MSCI
5284,MSD
5285,MSEX
5286,MSFT
5287,MSGE
5288,MSGN
5289,MSGS
5290,MSI
5291,MSM
5292,MSN
5293,MSON
5294,MSTR
5295,MSUS
5296,MSVB
5297,MSVX
5298,MT
5299,MTA
5300,MTB
5301,MTBC
5302,MTBCP
5303,MTC
5304,MTCH
5305,MTCN
5306,MTD
5307,MTDR
5308,MTEM
5309,MTEX
5310,MTG
5311,MTGP
5312,MTH
5313,MTL
5314,MTL-
5315,MTLS
5316,MTN
5317,MTNB
5318,MTOR
5319,MTP
5320,MTR
5321,MTRN
5322,MTRX
5323,MTSC
5324,MTSI
5325,MTSL
5326,MTT
5327,MTUM
5328,MTW
5329,MTX
5330,MTZ
5331,MU
5332,MUA
5333,MUB
5334,MUC
5335,MUE
5336,MUFG
5337,MUH
5338,MUI
5339,MUJ
5340,MUNI
5341,MUR
5342,MUS
5343,MUSA
5344,MUST
5345,MUTE
5346,MUX
5347,MVBF
5348,MVC
5349,MVCD
5350,MVF
5351,MVIN
5352,MVIS
5353,MVO
5354,MVRL
5355,MVT
5356,MVV
5357,MWA
5358,MWK
5359,MX
5360,MXC
5361,MXDE
5362,MXDU
5363,MXE
5364,MXF
5365,MXI
5366,MXIM
5367,MXL
5368,MYC
5369,MYD
5370,MYE
5371,MYF
5372,MYFW
5373,MYGN
5374,MYI
5375,MYJ
5376,MYL
5377,MYN
5378,MYO
5379,MYOK
5380,MYOS
5381,MYOV
5382,MYRG
5383,MYSZ
5384,MYT
5385,MYY
5386,MZA
5387,MZZ
5388,NAC
5389,NACP
5390,NAD
5391,NAII
5392,NAIL
5393,NAK
5394,NAKD
5395,NAN
5396,NANR
5397,NAOV
5398,NAPR
5399,NARI
5400,NAT
5401,NATH
5402,NATI
5403,NATR
5404,NAV
5405,NAV-D
5406,NAVB
5407,NAVI
5408,NAZ
5409,NBAC
5410,NBACR
5411,NBACU
5412,NBACW
5413,NBB
5414,NBEV
5415,NBH
5416,NBHC
5417,NBIX
5418,NBL
5419,NBLX
5420,NBN
5421,NBO
5422,NBR
5423,NBR-A
5424,NBRV
5425,NBSE
5426,NBTB
5427,NBW
5428,NBY
5429,NC
5430,NCA
5431,NCB
5432,NCBS
5433,NCLH
5434,NCMI
5435,NCNA
5436,NCR
5437,NCSM
5438,NCTY
5439,NCV
5440,NCV-A
5441,NCZ
5442,NCZ-A
5443,NDAQ
5444,NDLS
5445,NDP
5446,NDRA
5447,NDRAW
5448,NDSN
5449,NE
5450,NEA
5451,NEAR
5452,NEE
5453,NEE-I
5454,NEE-J
5455,NEE-K
5456,NEE-N
5457,NEE-O
5458,NEE-P
5459,NEED
5460,NEM
5461,NEN
5462,NEO
5463,NEOG
5464,NEON
5465,NEOS
5466,NEP
5467,NEPH
5468,NEPT
5469,NERD
5470,NERV
5471,NES
5472,NESR
5473,NESRW
5474,NET
5475,NETE
5476,NETL
5477,NEU
5478,NEV
5479,NEW
5480,NEWA
5481,NEWR
5482,NEWT
5483,NEWTI
5484,NEWTL
5485,NEX
5486,NEXA
5487,NEXT
5488,NFBK
5489,NFE
5490,NFG
5491,NFH
5492,NFH+
5493,NFIN
5494,NFINU
5495,NFINW
5496,NFJ
5497,NFLT
5498,NFLX
5499,NFRA
5500,NFTY
5501,NG
5502,NGD
5503,NGE
5504,NGG
5505,NGHC
5506,NGHCN
5507,NGHCO
5508,NGHCP
5509,NGHCZ
5510,NGL
5511,NGL-B
5512,NGL-C
5513,NGLS-A
5514,NGM
5515,NGS
5516,NGVC
5517,NGVT
5518,NH
5519,NHA
5520,NHC
5521,NHF
5522,NHI
5523,NHLD
5524,NHLDW
5525,NHS
5526,NHTC
5527,NI
5528,NI-B
5529,NIB
5530,NICE
5531,NICK
5532,NID
5533,NIE
5534,NIFE
5535,NIM
5536,NINE
5537,NIO
5538,NIQ
5539,NIU
5540,NJAN
5541,NJR
5542,NJV
5543,NK
5544,NKE
5545,NKG
5546,NKLA
5547,NKLAW
5548,NKSH
5549,NKTR
5550,NKX
5551,NL
5552,NLOK
5553,NLR
5554,NLS
5555,NLSN
5556,NLTX
5557,NLY
5558,NLY-D
5559,NLY-F
5560,NLY-G
5561,NLY-I
5562,NM
5563,NM-G
5564,NM-H
5565,NMCI
5566,NMCO
5567,NMFC
5568,NMFX
5569,NMI
5570,NMIH
5571,NMK-B
5572,NMK-C
5573,NML
5574,NMM
5575,NMR
5576,NMRD
5577,NMRK
5578,NMS
5579,NMT
5580,NMTR
5581,NMY
5582,NMZ
5583,NNA
5584,NNBR
5585,NNDM
5586,NNI
5587,NNN
5588,NNN-F
5589,NNVC
5590,NNY
5591,NOA
5592,NOAH
5593,NOBL
5594,NOC
5595,NOCT
5596,NODK
5597,NOG
5598,NOK
5599,NOM
5600,NOMD
5601,NORW
5602,NOV
5603,NOVA
5604,NOVN
5605,NOVS
5606,NOVSU
5607,NOVSW
5608,NOVT
5609,NOW
5610,NP
5611,NPA
5612,NPAUU
5613,NPAWW
5614,NPK
5615,NPN
5616,NPO
5617,NPTN
5618,NPV
5619,NQP
5620,NR
5621,NRBO
5622,NRC
5623,NREF
5624,NRG
5625,NRGD
5626,NRGO
5627,NRGU
5628,NRGX
5629,NRGZ
5630,NRIM
5631,NRK
5632,NRO
5633,NRP
5634,NRT
5635,NRUC
5636,NRZ
5637,NRZ-A
5638,NRZ-B
5639,NRZ-C
5640,NS
5641,NS-A
5642,NS-B
5643,NS-C
5644,NSA
5645,NSA-A
5646,NSC
5647,NSCO
5648,NSCO+
5649,NSEC
5650,NSIT
5651,NSL
5652,NSP
5653,NSPR
5654,NSPR+
5655,NSPR+B
5656,NSS
5657,NSSC
5658,NSTG
5659,NSYS
5660,NTAP
5661,NTB
5662,NTCO
5663,NTCT
5664,NTEC
5665,NTES
5666,NTG
5667,NTGR
5668,NTIC
5669,NTIP
5670,NTLA
5671,NTN
5672,NTNX
5673,NTP
5674,NTR
5675,NTRA
5676,NTRP
5677,NTRS
5678,NTRSO
5679,NTSX
5680,NTUS
5681,NTWK
5682,NTZ
5683,NUAG
5684,NUAN
5685,NUBD
5686,NUDM
5687,NUE
5688,NUEM
5689,NUGT
5690,NUHY
5691,NULC
5692,NULG
5693,NULV
5694,NUM
5695,NUMG
5696,NUMV
5697,NUO
5698,NURE
5699,NURO
5700,NUS
5701,NUSA
5702,NUSC
5703,NUSI
5704,NUV
5705,NUVA
5706,NUW
5707,NUZE
5708,NVAX
5709,NVCN
5710,NVCR
5711,NVDA
5712,NVEC
5713,NVEE
5714,NVFY
5715,NVG
5716,NVGS
5717,NVIV
5718,NVMI
5719,NVO
5720,NVR
5721,NVRO
5722,NVS
5723,NVST
5724,NVT
5725,NVTA
5726,NVUS
5727,NWBI
5728,NWE
5729,NWFL
5730,NWGI
5731,NWHM
5732,NWL
5733,NWLI
5734,NWN
5735,NWPX
5736,NWS
5737,NWSA
5738,NX
5739,NXC
5740,NXE
5741,NXGN
5742,NXJ
5743,NXN
5744,NXP
5745,NXPI
5746,NXQ
5747,NXR
5748,NXRT
5749,NXST
5750,NXTC
5751,NXTD
5752,NXTG
5753,NYCB
5754,NYCB-A
5755,NYCB-U
5756,NYF
5757,NYMT
5758,NYMTM
5759,NYMTN
5760,NYMTO
5761,NYMTP
5762,NYMX
5763,NYT
5764,NYV
5765,NZF
5766,O
5767,OAC
5768,OAC=
5769,OAC+
5770,OAK-A
5771,OAK-B
5772,OAS
5773,OBAS
5774,OBCI
5775,OBLG
5776,OBLN
5777,OBNK
5778,OBOR
5779,OBSV
5780,OC
5781,OCC
5782,OCCI
5783,OCCIP
5784,OCFC
5785,OCFCP
5786,OCFT
5787,OCGN
5788,OCIO
5789,OCN
5790,OCSI
5791,OCSL
5792,OCUL
5793,OCX
5794,ODC
5795,ODFL
5796,ODP
5797,ODT
5798,OEC
5799,OEF
5800,OEG
5801,OESX
5802,OEUR
5803,OFC
5804,OFED
5805,OFG
5806,OFG-A
5807,OFG-B
5808,OFG-D
5809,OFIX
5810,OFLX
5811,OFS
5812,OFSSI
5813,OFSSL
5814,OFSSZ
5815,OGCP
5816,OGE
5817,OGEN
5818,OGI
5819,OGIG
5820,OGS
5821,OHI
5822,OI
5823,OIA
5824,OIBR.C
5825,OIH
5826,OII
5827,OIIM
5828,OILK
5829,OIS
5830,OKE
5831,OKTA
5832,OLD
5833,OLED
5834,OLEM
5835,OLLI
5836,OLN
5837,OLP
5838,OMAB
5839,OMC
5840,OMCL
5841,OMER
5842,OMEX
5843,OMF
5844,OMFL
5845,OMFS
5846,OMI
5847,OMP
5848,ON
5849,ONB
5850,ONCS
5851,ONCT
5852,ONCY
5853,ONDK
5854,ONE
5855,ONEM
5856,ONEO
5857,ONEQ
5858,ONEV
5859,ONEW
5860,ONEY
5861,ONLN
5862,ONTO
5863,ONTX
5864,ONTXW
5865,ONVO
5866,OOMA
5867,OPBK
5868,OPCH
5869,OPER
5870,OPES
5871,OPESU
5872,OPESW
5873,OPGN
5874,OPHC
5875,OPI
5876,OPINI
5877,OPK
5878,OPNT
5879,OPOF
5880,OPP
5881,OPRA
5882,OPRT
5883,OPRX
5884,OPTN
5885,OPTT
5886,OPY
5887,OR
5888,ORA
5889,ORAN
5890,ORBC
5891,ORC
5892,ORCC
5893,ORCL
5894,ORGO
5895,ORGS
5896,ORI
5897,ORIC
5898,ORLY
5899,ORMP
5900,ORN
5901,ORRF
5902,ORSN
5903,ORSNR
5904,ORSNU
5905,ORSNW
5906,ORTX
5907,OSB
5908,OSBC
5909,OSCV
5910,OSG
5911,OSIS
5912,OSK
5913,OSMT
5914,OSN
5915,OSPN
5916,OSS
5917,OSTK
5918,OSUR
5919,OSW
5920,OTEL
5921,OTEX
5922,OTIC
5923,OTIS
5924,OTLK
5925,OTLKW
5926,OTTR
5927,OTTW
5928,OUNZ
5929,OUSA
5930,OUSM
5931,OUT
5932,OVB
5933,OVBC
5934,OVF
5935,OVID
5936,OVL
5937,OVLY
5938,OVM
5939,OVS
5940,OVV
5941,OXBR
5942,OXBRW
5943,OXFD
5944,OXLC
5945,OXLCM
5946,OXLCO
5947,OXLCP
5948,OXM
5949,OXSQ
5950,OXSQL
5951,OXSQZ
5952,OXY
5953,OYST
5954,OZK
5955,PAA
5956,PAAS
5957,PAC
5958,PACA
5959,PACB
5960,PACD
5961,PACK
5962,PACK+
5963,PACQ
5964,PACQU
5965,PACQW
5966,PACW
5967,PAE
5968,PAEWW
5969,PAG
5970,PAGP
5971,PAGS
5972,PAHC
5973,PAI
5974,PAK
5975,PALL
5976,PAM
5977,PANL
5978,PANW
5979,PAPR
5980,PAR
5981,PARR
5982,PASG
5983,PASS
5984,PATI
5985,PATK
5986,PAUG
5987,PAVE
5988,PAVM
5989,PAVMW
5990,PAVMZ
5991,PAWZ
5992,PAYC
5993,PAYS
5994,PAYX
5995,PB
5996,PBA
5997,PBB
5998,PBC
5999,PBCT
6000,PBCTP
6001,PBD
6002,PBDM
6003,PBE
6004,PBEE
6005,PBF
6006,PBFS
6007,PBFX
6008,PBH
6009,PBHC
6010,PBI
6011,PBI-B
6012,PBIP
6013,PBJ
6014,PBND
6015,PBP
6016,PBPB
6017,PBR
6018,PBR.A
6019,PBS
6020,PBSM
6021,PBT
6022,PBTP
6023,PBTS
6024,PBUS
6025,PBW
6026,PBY
6027,PBYI
6028,PCAR
6029,PCB
6030,PCEF
6031,PCF
6032,PCG
6033,PCG-A
6034,PCG-B
6035,PCG-C
6036,PCG-D
6037,PCG-E
6038,PCG-G
6039,PCG-H
6040,PCG-I
6041,PCH
6042,PCI
6043,PCK
6044,PCM
6045,PCN
6046,PCOM
6047,PCPL
6048,PCPL=
6049,PCPL+
6050,PCQ
6051,PCRX
6052,PCSB
6053,PCTI
6054,PCTY
6055,PCVX
6056,PCY
6057,PCYG
6058,PCYO
6059,PD
6060,PDBC
6061,PDCE
6062,PDCO
6063,PDD
6064,PDEC
6065,PDEV
6066,PDEX
6067,PDFS
6068,PDI
6069,PDLB
6070,PDLI
6071,PDM
6072,PDN
6073,PDP
6074,PDS
6075,PDSB
6076,PDT
6077,PE
6078,PEAK
6079,PEB
6080,PEB-C
6081,PEB-D
6082,PEB-E
6083,PEB-F
6084,PEBK
6085,PEBO
6086,PECK
6087,PED
6088,PEG
6089,PEGA
6090,PEI
6091,PEI-B
6092,PEI-C
6093,PEI-D
6094,PEIX
6095,PEJ
6096,PEN
6097,PENN
6098,PEO
6099,PEP
6100,PER
6101,PERI
6102,PESI
6103,PETQ
6104,PETS
6105,PETZ
6106,PEX
6107,PEXL
6108,PEY
6109,PEZ
6110,PFBC
6111,PFBI
6112,PFD
6113,PFE
6114,PFEB
6115,PFF
6116,PFFA
6117,PFFD
6118,PFFL
6119,PFFR
6120,PFG
6121,PFGC
6122,PFHD
6123,PFI
6124,PFIE
6125,PFIG
6126,PFIN
6127,PFIS
6128,PFL
6129,PFLD
6130,PFLT
6131,PFM
6132,PFMT
6133,PFN
6134,PFNX
6135,PFO
6136,PFPT
6137,PFS
6138,PFSI
6139,PFSW
6140,PFXF
6141,PG
6142,PGAL
6143,PGC
6144,PGEN
6145,PGF
6146,PGHY
6147,PGJ
6148,PGM
6149,PGNX
6150,PGNY
6151,PGP
6152,PGR
6153,PGRE
6154,PGTI
6155,PGX
6156,PGZ
6157,PH
6158,PHAS
6159,PHAT
6160,PHB
6161,PHCF
6162,PHD
6163,PHDG
6164,PHG
6165,PHGE
6166,PHGE=
6167,PHGE+
6168,PHI
6169,PHIO
6170,PHIOW
6171,PHK
6172,PHM
6173,PHO
6174,PHR
6175,PHT
6176,PHUN
6177,PHUNW
6178,PHX
6179,PHYL
6180,PHYS
6181,PI
6182,PIC
6183,PIC=
6184,PIC+
6185,PICB
6186,PICK
6187,PICO
6188,PID
6189,PIE
6190,PIH
6191,PIHPP
6192,PII
6193,PILL
6194,PIM
6195,PIN
6196,PINC
6197,PINE
6198,PING
6199,PINS
6200,PIO
6201,PIPR
6202,PIRS
6203,PIXY
6204,PIZ
6205,PJAN
6206,PJH
6207,PJP
6208,PJT
6209,PJUL
6210,PJUN
6211,PK
6212,PKB
6213,PKBK
6214,PKE
6215,PKG
6216,PKI
6217,PKO
6218,PKOH
6219,PKW
6220,PKX
6221,PLAB
6222,PLAG
6223,PLAN
6224,PLAT
6225,PLAY
6226,PLBC
6227,PLC
6228,PLCE
6229,PLCY
6230,PLD
6231,PLG
6232,PLIN
6233,PLL
6234,PLM
6235,PLMR
6236,PLNT
6237,PLOW
6238,PLPC
6239,PLRX
6240,PLSE
6241,PLT
6242,PLTM
6243,PLUG
6244,PLUS
6245,PLW
6246,PLX
6247,PLXP
6248,PLXS
6249,PLYA
6250,PLYM
6251,PLYM-A
6252,PM
6253,PMAR
6254,PMAY
6255,PMBC
6256,PMD
6257,PME
6258,PMF
6259,PML
6260,PMM
6261,PMO
6262,PMOM
6263,PMT
6264,PMT-A
6265,PMT-B
6266,PMX
6267,PNBK
6268,PNC
6269,PNC-P
6270,PNC-Q
6271,PNF
6272,PNFP
6273,PNFPP
6274,PNI
6275,PNM
6276,PNNT
6277,PNNTG
6278,PNOV
6279,PNQI
6280,PNR
6281,PNRG
6282,PNTG
6283,PNW
6284,POAI
6285,POCT
6286,PODD
6287,POL
6288,POLA
6289,POOL
6290,POR
6291,POST
6292,POTX
6293,POWI
6294,POWL
6295,PPA
6296,PPBI
6297,PPC
6298,PPD
6299,PPDM
6300,PPEM
6301,PPG
6302,PPH
6303,PPHI
6304,PPIH
6305,PPL
6306,PPLC
6307,PPLT
6308,PPMC
6309,PPR
6310,PPSC
6311,PPSI
6312,PPT
6313,PPTY
6314,PPX
6315,PQDI
6316,PQG
6317,PQIN
6318,PQLC
6319,PQSG
6320,PQSV
6321,PRA
6322,PRAA
6323,PRAH
6324,PRCP
6325,PRDO
6326,PRE-F
6327,PRE-G
6328,PRE-H
6329,PRE-I
6330,PREF
6331,PRF
6332,PRFT
6333,PRFZ
6334,PRGO
6335,PRGS
6336,PRGX
6337,PRH
6338,PRI
6339,PRIF-A
6340,PRIF-B
6341,PRIF-C
6342,PRIF-D
6343,PRIF-E
6344,PRIF-F
6345,PRIM
6346,PRK
6347,PRLB
6348,PRMW
6349,PRN
6350,PRNB
6351,PRNT
6352,PRO
6353,PROF
6354,PROG
6355,PROS
6356,PROV
6357,PRPH
6358,PRPL
6359,PRPO
6360,PRQR
6361,PRS
6362,PRSC
6363,PRSP
6364,PRT
6365,PRTA
6366,PRTH
6367,PRTK
6368,PRTS
6369,PRTY
6370,PRU
6371,PRVB
6372,PRVL
6373,PS
6374,PSA
6375,PSA-B
6376,PSA-C
6377,PSA-D
6378,PSA-E
6379,PSA-F
6380,PSA-G
6381,PSA-H
6382,PSA-I
6383,PSA-J
6384,PSA-K
6385,PSA-L
6386,PSA-W
6387,PSA-X
6388,PSB
6389,PSB-W
6390,PSB-X
6391,PSB-Y
6392,PSB-Z
6393,PSC
6394,PSCC
6395,PSCD
6396,PSCE
6397,PSCF
6398,PSCH
6399,PSCI
6400,PSCM
6401,PSCT
6402,PSCU
6403,PSEC
6404,PSEP
6405,PSET
6406,PSF
6407,PSHG
6408,PSI
6409,PSJ
6410,PSK
6411,PSL
6412,PSLV
6413,PSM
6414,PSMB
6415,PSMC
6416,PSMG
6417,PSMM
6418,PSMT
6419,PSN
6420,PSNL
6421,PSO
6422,PSP
6423,PSQ
6424,PSR
6425,PST
6426,PSTG
6427,PSTI
6428,PSTL
6429,PSTV
6430,PSV
6431,PSX
6432,PSXP
6433,PT
6434,PTAC
6435,PTACU
6436,PTACW
6437,PTBD
6438,PTC
6439,PTCT
6440,PTE
6441,PTEN
6442,PTEU
6443,PTF
6444,PTGX
6445,PTH
6446,PTI
6447,PTIN
6448,PTLA
6449,PTLC
6450,PTMC
6451,PTMN
6452,PTN
6453,PTNQ
6454,PTNR
6455,PTON
6456,PTR
6457,PTSI
6458,PTVCA
6459,PTVCB
6460,PTY
6461,PUB
6462,PUI
6463,PUK
6464,PUK-
6465,PUK-A
6466,PULM
6467,PULS
6468,PUMP
6469,PUTW
6470,PUYI
6471,PVAC
6472,PVAL
6473,PVBC
6474,PVG
6475,PVH
6476,PVI
6477,PVL
6478,PW
6479,PW-A
6480,PWB
6481,PWC
6482,PWFL
6483,PWOD
6484,PWR
6485,PWS
6486,PWV
6487,PWZ
6488,PXD
6489,PXE
6490,PXF
6491,PXH
6492,PXI
6493,PXJ
6494,PXLW
6495,PXQ
6496,PXS
6497,PY
6498,PYN
6499,PYPE
6500,PYPL
6501,PYS
6502,PYT
6503,PYZ
6504,PZA
6505,PZC
6506,PZD
6507,PZG
6508,PZN
6509,PZT
6510,PZZA
6511,QABA
6512,QADA
6513,QADB
6514,QAI
6515,QARP
6516,QAT
6517,QCLN
6518,QCOM
6519,QCRH
6520,QD
6521,QDEF
6522,QDEL
6523,QDF
6524,QDIV
6525,QDYN
6526,QED
6527,QEFA
6528,QEMM
6529,QEP
6530,QES
6531,QFIN
6532,QGEN
6533,QGRO
6534,QGTA
6535,QID
6536,QINT
6537,QIWI
6538,QK
6539,QLC
6540,QLD
6541,QLGN
6542,QLS
6543,QLTA
6544,QLV
6545,QLVD
6546,QLVE
6547,QLYS
6548,QMCO
6549,QMJ
6550,QMN
6551,QMOM
6552,QNST
6553,QQEW
6554,QQH
6555,QQQ
6556,QQQE
6557,QQQX
6558,QQXT
6559,QRFT
6560,QRHC
6561,QRTEA
6562,QRTEB
6563,QRVO
6564,QSR
6565,QSY
6566,QTEC
6567,QTNT
6568,QTRX
6569,QTS
6570,QTS-A
6571,QTS-B
6572,QTT
6573,QTUM
6574,QTWO
6575,QUAD
6576,QUAL
6577,QUIK
6578,QUMU
6579,QUOT
6580,QURE
6581,QUS
6582,QVAL
6583,QVCC
6584,QVCD
6585,QVM
6586,QWLD
6587,QYLD
6588,R
6589,RA
6590,RAAX
6591,RACE
6592,RAD
6593,RADA
6594,RAFE
6595,RAIL
6596,RALS
6597,RAMP
6598,RAND
6599,RAPT
6600,RARE
6601,RAVE
6602,RAVI
6603,RAVN
6604,RBA
6605,RBB
6606,RBBN
6607,RBC
6608,RBCAA
6609,RBCN
6610,RBIN
6611,RBKB
6612,RBNC
6613,RBS
6614,RBUS
6615,RC
6616,RCA
6617,RCB
6618,RCD
6619,RCEL
6620,RCG
6621,RCI
6622,RCII
6623,RCKT
6624,RCKY
6625,RCL
6626,RCM
6627,RCMT
6628,RCON
6629,RCP
6630,RCS
6631,RCUS
6632,RDCM
6633,RDFN
6634,RDHL
6635,RDI
6636,RDIB
6637,RDIV
6638,RDN
6639,RDNT
6640,RDOG
6641,RDS.A
6642,RDS.B
6643,RDUS
6644,RDVT
6645,RDVY
6646,RDWR
6647,RDY
6648,RE
6649,REAL
6650,RECS
6651,REDU
6652,REED
6653,REET
6654,REFR
6655,REG
6656,REGI
6657,REGL
6658,REGN
6659,REI
6660,REK
6661,REKR
6662,RELL
6663,RELV
6664,RELX
6665,REM
6666,REML
6667,REMX
6668,RENN
6669,REPH
6670,REPL
6671,RES
6672,RESD
6673,RESE
6674,RESI
6675,RESN
6676,RESP
6677,RETA
6678,RETL
6679,RETO
6680,REV
6681,REVG
6682,REVS
6683,REW
6684,REX
6685,REXN
6686,REXR
6687,REXR-A
6688,REXR-B
6689,REXR-C
6690,REYN
6691,REZ
6692,REZI
6693,RF
6694,RF-A
6695,RF-B
6696,RF-C
6697,RFAP
6698,RFCI
6699,RFDA
6700,RFDI
6701,RFEM
6702,RFEU
6703,RFFC
6704,RFG
6705,RFI
6706,RFIL
6707,RFL
6708,RFM
6709,RFP
6710,RFUN
6711,RFV
6712,RGA
6713,RGCO
6714,RGEN
6715,RGI
6716,RGLD
6717,RGLS
6718,RGNX
6719,RGP
6720,RGR
6721,RGS
6722,RGT
6723,RH
6724,RHE
6725,RHE-A
6726,RHI
6727,RHP
6728,RHS
6729,RIBT
6730,RICK
6731,RIF
6732,RIG
6733,RIGL
6734,RIGS
6735,RILY
6736,RILYG
6737,RILYH
6738,RILYI
6739,RILYM
6740,RILYN
6741,RILYO
6742,RILYP
6743,RILYZ
6744,RINF
6745,RING
6746,RIO
6747,RIOT
6748,RISE
6749,RIV
6750,RIVE
6751,RJA
6752,RJF
6753,RJI
6754,RJN
6755,RJZ
6756,RKDA
6757,RL
6758,RLGT
6759,RLGY
6760,RLH
6761,RLI
6762,RLJ
6763,RLJ-A
6764,RLMD
6765,RLY
6766,RM
6767,RMAX
6768,RMBI
6769,RMBL
6770,RMBS
6771,RMCF
6772,RMD
6773,RMED
6774,RMG
6775,RMG=
6776,RMG+
6777,RMI
6778,RMM
6779,RMNI
6780,RMPL-
6781,RMR
6782,RMT
6783,RMTI
6784,RNA
6785,RNDB
6786,RNDM
6787,RNDV
6788,RNEM
6789,RNET
6790,RNG
6791,RNGR
6792,RNLC
6793,RNMC
6794,RNP
6795,RNR
6796,RNR-E
6797,RNR-F
6798,RNSC
6799,RNST
6800,RNWK
6801,ROAD
6802,ROAM
6803,ROBO
6804,ROBT
6805,ROCH
6806,ROCHU
6807,ROCHW
6808,ROCK
6809,RODE
6810,RODI
6811,RODM
6812,ROG
6813,ROIC
6814,ROK
6815,ROKT
6816,ROKU
6817,ROL
6818,ROLL
6819,ROM
6820,ROMO
6821,ROOF
6822,ROP
6823,RORE
6824,ROSC
6825,ROSE
6826,ROSEU
6827,ROSEW
6828,ROST
6829,ROUS
6830,ROYT
6831,RP
6832,RPAI
6833,RPAR
6834,RPAY
6835,RPD
6836,RPG
6837,RPLA
6838,RPLA=
6839,RPLA+
6840,RPM
6841,RPRX
6842,RPT
6843,RPT-D
6844,RPTX
6845,RPV
6846,RQI
6847,RRBI
6848,RRC
6849,RRD
6850,RRGB
6851,RRR
6852,RS
6853,RSF
6854,RSG
6855,RSP
6856,RSSS
6857,RST
6858,RSX
6859,RSXJ
6860,RTH
6861,RTIX
6862,RTLR
6863,RTM
6864,RTRX
6865,RTW
6866,RTX
6867,RUBI
6868,RUBY
6869,RUHN
6870,RUN
6871,RUSHA
6872,RUSHB
6873,RUSL
6874,RUTH
6875,RVI
6876,RVLV
6877,RVMD
6878,RVNC
6879,RVNU
6880,RVP
6881,RVRS
6882,RVSB
6883,RVT
6884,RWCD
6885,RWDC
6886,RWDE
6887,RWED
6888,RWGV
6889,RWIU
6890,RWJ
6891,RWK
6892,RWL
6893,RWLK
6894,RWLS
6895,RWM
6896,RWO
6897,RWR
6898,RWSL
6899,RWT
6900,RWUI
6901,RWVG
6902,RWX
6903,RXD
6904,RXI
6905,RXL
6906,RXN
6907,RY
6908,RY-T
6909,RYAAY
6910,RYAM
6911,RYB
6912,RYCE
6913,RYE
6914,RYF
6915,RYH
6916,RYI
6917,RYJ
6918,RYLD
6919,RYN
6920,RYT
6921,RYTM
6922,RYU
6923,RZA
6924,RZB
6925,RZG
6926,RZV
6927,SA
6928,SAA
6929,SABR
6930,SACC
6931,SACH
6932,SAF
6933,SAFE
6934,SAFM
6935,SAFT
6936,SAGE
6937,SAH
6938,SAIA
6939,SAIC
6940,SAIL
6941,SAL
6942,SALM
6943,SALT
6944,SAM
6945,SAMA
6946,SAMAU
6947,SAMAW
6948,SAMG
6949,SAN
6950,SAN-B
6951,SAND
6952,SANM
6953,SANW
6954,SAP
6955,SAQN
6956,SAQNU
6957,SAQNW
6958,SAR
6959,SASR
6960,SATS
6961,SAVA
6962,SAVE
6963,SB
6964,SB-C
6965,SB-D
6966,SBAC
6967,SBB
6968,SBBA
6969,SBBP
6970,SBBX
6971,SBCF
6972,SBE
6973,SBE=
6974,SBE+
6975,SBFG
6976,SBGI
6977,SBH
6978,SBI
6979,SBIO
6980,SBLK
6981,SBLKZ
6982,SBM
6983,SBNY
6984,SBOW
6985,SBPH
6986,SBR
6987,SBRA
6988,SBS
6989,SBSI
6990,SBSW
6991,SBT
6992,SBUG
6993,SBUX
6994,SC
6995,SCA
6996,SCC
6997,SCCB
6998,SCCO
6999,SCD
7000,SCE-B
7001,SCE-C
7002,SCE-D
7003,SCE-E
7004,SCE-G
7005,SCE-H
7006,SCE-J
7007,SCE-K
7008,SCE-L
7009,SCHA
7010,SCHB
7011,SCHC
7012,SCHD
7013,SCHE
7014,SCHF
7015,SCHG
7016,SCHH
7017,SCHI
7018,SCHJ
7019,SCHK
7020,SCHL
7021,SCHM
7022,SCHN
7023,SCHO
7024,SCHP
7025,SCHQ
7026,SCHR
7027,SCHV
7028,SCHW
7029,SCHW-C
7030,SCHW-D
7031,SCHX
7032,SCHZ
7033,SCI
7034,SCID
7035,SCIJ
7036,SCIU
7037,SCIX
7038,SCJ
7039,SCKT
7040,SCL
7041,SCM
7042,SCO
7043,SCON
7044,SCOR
7045,SCPE
7046,SCPE=
7047,SCPE+
7048,SCPH
7049,SCPL
7050,SCS
7051,SCSC
7052,SCU
7053,SCVL
7054,SCVX
7055,SCVX=
7056,SCVX+
7057,SCWX
7058,SCX
7059,SCYX
7060,SCZ
7061,SD
7062,SDAG
7063,SDC
7064,SDCI
7065,SDD
7066,SDEM
7067,SDG
7068,SDGA
7069,SDGR
7070,SDI
7071,SDIV
7072,SDOG
7073,SDOW
7074,SDP
7075,SDPI
7076,SDRL
7077,SDS
7078,SDVY
7079,SDY
7080,SDYL
7081,SE
7082,SEAC
7083,SEAS
7084,SEB
7085,SECO
7086,SECT
7087,SEDG
7088,SEE
7089,SEED
7090,SEEL
7091,SEF
7092,SEIC
7093,SEIX
7094,SELB
7095,SELF
7096,SEM
7097,SENEA
7098,SENEB
7099,SENS
7100,SERV
7101,SESN
7102,SF
7103,SF-A
7104,SF-B
7105,SF-C
7106,SFBC
7107,SFBS
7108,SFE
7109,SFET
7110,SFHY
7111,SFIG
7112,SFIX
7113,SFL
7114,SFM
7115,SFNC
7116,SFST
7117,SFTW
7118,SFTW=
7119,SFTW+
7120,SFUN
7121,SFY
7122,SFYF
7123,SFYX
7124,SG
7125,SGA
7126,SGBX
7127,SGC
7128,SGDJ
7129,SGDM
7130,SGEN
7131,SGG
7132,SGH
7133,SGLB
7134,SGLBW
7135,SGMA
7136,SGMO
7137,SGMS
7138,SGOC
7139,SGOL
7140,SGOV
7141,SGRP
7142,SGRY
7143,SGU
7144,SH
7145,SHAG
7146,SHAK
7147,SHBI
7148,SHE
7149,SHEN
7150,SHG
7151,SHI
7152,SHIP
7153,SHIPW
7154,SHIPZ
7155,SHLL
7156,SHLL=
7157,SHLL+
7158,SHLO
7159,SHLX
7160,SHM
7161,SHO
7162,SHO-E
7163,SHO-F
7164,SHOO
7165,SHOP
7166,SHSP
7167,SHV
7168,SHW
7169,SHY
7170,SHYD
7171,SHYF
7172,SHYG
7173,SHYL
7174,SI
7175,SIBN
7176,SIC
7177,SID
7178,SIEB
7179,SIEN
7180,SIF
7181,SIFY
7182,SIG
7183,SIGA
7184,SIGI
7185,SIJ
7186,SIL
7187,SILC
7188,SILJ
7189,SILK
7190,SILV
7191,SIM
7192,SIMO
7193,SIMS
7194,SINA
7195,SINO
7196,SINT
7197,SIRI
7198,SITC
7199,SITC-A
7200,SITC-K
7201,SITE
7202,SITM
7203,SIVB
7204,SIVBP
7205,SIVR
7206,SIX
7207,SIXA
7208,SIXH
7209,SIXL
7210,SIXS
7211,SIZE
7212,SJ
7213,SJB
7214,SJI
7215,SJIJ
7216,SJIU
7217,SJM
7218,SJNK
7219,SJR
7220,SJT
7221,SJW
7222,SKF
7223,SKM
7224,SKOR
7225,SKT
7226,SKX
7227,SKY
7228,SKYS
7229,SKYW
7230,SKYY
7231,SLAB
7232,SLB
7233,SLCA
7234,SLCT
7235,SLDB
7236,SLF
7237,SLG
7238,SLG-I
7239,SLGG
7240,SLGL
7241,SLGN
7242,SLM
7243,SLMBP
7244,SLNO
7245,SLP
7246,SLQD
7247,SLQT
7248,SLRC
7249,SLRX
7250,SLS
7251,SLT
7252,SLV
7253,SLVO
7254,SLVP
7255,SLX
7256,SLY
7257,SLYG
7258,SLYV
7259,SM
7260,SMAR
7261,SMB
7262,SMBC
7263,SMBK
7264,SMCI
7265,SMCP
7266,SMDD
7267,SMDV
7268,SMDY
7269,SMED
7270,SMEZ
7271,SMFG
7272,SMG
7273,SMH
7274,SMHB
7275,SMHI
7276,SMIN
7277,SMIT
7278,SMLF
7279,SMLL
7280,SMLP
7281,SMLV
7282,SMM
7283,SMMC
7284,SMMCU
7285,SMMCW
7286,SMMD
7287,SMMF
7288,SMMT
7289,SMMU
7290,SMMV
7291,SMN
7292,SMOG
7293,SMP
7294,SMPL
7295,SMRT
7296,SMSI
7297,SMTC
7298,SMTS
7299,SMTX
7300,SNA
7301,SNAP
7302,SNBR
7303,SNCA
7304,SNCR
7305,SND
7306,SNDE
7307,SNDL
7308,SNDR
7309,SNDX
7310,SNE
7311,SNES
7312,SNFCA
7313,SNGX
7314,SNGXW
7315,SNLN
7316,SNMP
7317,SNN
7318,SNOA
7319,SNP
7320,SNPE
7321,SNPS
7322,SNR
7323,SNSR
7324,SNSS
7325,SNUG
7326,SNV
7327,SNV-D
7328,SNV-E
7329,SNX
7330,SNY
7331,SO
7332,SOAC=
7333,SOCL
7334,SOGO
7335,SOHO
7336,SOHOB
7337,SOHON
7338,SOHOO
7339,SOHU
7340,SOI
7341,SOIL
7342,SOJA
7343,SOJB
7344,SOJC
7345,SOJD
7346,SOL
7347,SOLN
7348,SOLO
7349,SOLOW
7350,SOLY
7351,SON
7352,SONA
7353,SONM
7354,SONN
7355,SONO
7356,SOR
7357,SOVB
7358,SOXL
7359,SOXS
7360,SOXX
7361,SOYB
7362,SP
7363,SPAB
7364,SPAQ
7365,SPAQ=
7366,SPAQ+
7367,SPB
7368,SPBO
7369,SPCB
7370,SPCE
7371,SPDN
7372,SPDV
7373,SPDW
7374,SPE
7375,SPE-B
7376,SPEM
7377,SPEU
7378,SPFF
7379,SPFI
7380,SPG
7381,SPG-J
7382,SPGI
7383,SPGM
7384,SPGP
7385,SPH
7386,SPHB
7387,SPHD
7388,SPHQ
7389,SPHY
7390,SPI
7391,SPIB
7392,SPIP
7393,SPKE
7394,SPKEP
7395,SPLB
7396,SPLG
7397,SPLK
7398,SPLP
7399,SPLP-A
7400,SPLV
7401,SPMB
7402,SPMD
7403,SPMO
7404,SPMV
7405,SPN
7406,SPNE
7407,SPNS
7408,SPOK
7409,SPOT
7410,SPPI
7411,SPPP
7412,SPR
7413,SPRO
7414,SPRT
7415,SPSB
7416,SPSC
7417,SPSK
7418,SPSM
7419,SPT
7420,SPTI
7421,SPTL
7422,SPTM
7423,SPTN
7424,SPTS
7425,SPUS
7426,SPUU
7427,SPVM
7428,SPVU
7429,SPWH
7430,SPWR
7431,SPXB
7432,SPXC
7433,SPXE
7434,SPXL
7435,SPXN
7436,SPXS
7437,SPXT
7438,SPXU
7439,SPXV
7440,SPXX
7441,SPY
7442,SPYD
7443,SPYG
7444,SPYV
7445,SPYX
7446,SQ
7447,SQBG
7448,SQEW
7449,SQLV
7450,SQM
7451,SQNS
7452,SQQQ
7453,SR
7454,SR-A
7455,SRAC
7456,SRACU
7457,SRACW
7458,SRAX
7459,SRC
7460,SRC-A
7461,SRCE
7462,SRCL
7463,SRDX
7464,SRE
7465,SRE-A
7466,SRE-B
7467,SREA
7468,SRET
7469,SREV
7470,SRG
7471,SRG-A
7472,SRI
7473,SRL
7474,SRLN
7475,SRLP
7476,SRNE
7477,SRPT
7478,SRRA
7479,SRRK
7480,SRS
7481,SRT
7482,SRTS
7483,SRTY
7484,SRV
7485,SRVR
7486,SSB
7487,SSBI
7488,SSD
7489,SSG
7490,SSKN
7491,SSL
7492,SSLY
7493,SSNC
7494,SSNT
7495,SSO
7496,SSP
7497,SSPK
7498,SSPKU
7499,SSPKW
7500,SSPY
7501,SSRM
7502,SSSS
7503,SSTI
7504,SSTK
7505,SSUS
7506,SSY
7507,SSYS
7508,ST
7509,STAA
7510,STAF
7511,STAG
7512,STAG-C
7513,STAR
7514,STAR-D
7515,STAR-G
7516,STAR-I
7517,STAY
7518,STBA
7519,STC
7520,STCN
7521,STE
7522,STFC
7523,STG
7524,STIM
7525,STIP
7526,STK
7527,STKL
7528,STKS
7529,STL
7530,STL-A
7531,STLC
7532,STLD
7533,STLG
7534,STLV
7535,STM
7536,STMB
7537,STMP
7538,STN
7539,STND
7540,STNE
7541,STNG
7542,STOK
7543,STON
7544,STOR
7545,STOT
7546,STPP
7547,STPZ
7548,STRA
7549,STRL
7550,STRM
7551,STRO
7552,STRS
7553,STRT
7554,STSA
7555,STSB
7556,STT
7557,STT-D
7558,STT-G
7559,STWD
7560,STX
7561,STXB
7562,STXS
7563,STZ
7564,STZ.B
7565,SU
7566,SUB
7567,SUI
7568,SUM
7569,SUMR
7570,SUN
7571,SUNS
7572,SUNW
7573,SUP
7574,SUPN
7575,SUPV
7576,SURF
7577,SUSA
7578,SUSB
7579,SUSC
7580,SUSL
7581,SUZ
7582,SVA
7583,SVBI
7584,SVC
7585,SVM
7586,SVMK
7587,SVRA
7588,SVT
7589,SVVC
7590,SVXY
7591,SWAN
7592,SWAV
7593,SWBI
7594,SWCH
7595,SWI
7596,SWIR
7597,SWK
7598,SWKH
7599,SWKS
7600,SWM
7601,SWN
7602,SWT
7603,SWTX
7604,SWX
7605,SWZ
7606,SXC
7607,SXI
7608,SXT
7609,SXTC
7610,SY
7611,SYBT
7612,SYBX
7613,SYE
7614,SYF
7615,SYF-A
7616,SYG
7617,SYK
7618,SYKE
7619,SYLD
7620,SYN
7621,SYNA
7622,SYNC
7623,SYNH
7624,SYNL
7625,SYPR
7626,SYRS
7627,SYV
7628,SYX
7629,SYY
7630,SZC
7631,SZK
7632,SZNE
7633,T
7634,T-A
7635,T-C
7636,TA
7637,TAAG
7638,TAC
7639,TACO
7640,TACOW
7641,TACT
7642,TADS
7643,TAEQ
7644,TAGS
7645,TAIL
7646,TAIT
7647,TAK
7648,TAL
7649,TALO
7650,TALO+
7651,TAN
7652,TANH
7653,TANNI
7654,TANNL
7655,TANNZ
7656,TAOP
7657,TAP
7658,TAP.A
7659,TAPR
7660,TARA
7661,TARO
7662,TAST
7663,TAT
7664,TATT
7665,TAWK
7666,TAXF
7667,TAYD
7668,TBB
7669,TBBK
7670,TBC
7671,TBF
7672,TBI
7673,TBIO
7674,TBK
7675,TBLT
7676,TBLTW
7677,TBLU
7678,TBND
7679,TBNK
7680,TBPH
7681,TBT
7682,TBX
7683,TC
7684,TCBI
7685,TCBIL
7686,TCBIP
7687,TCBK
7688,TCCO
7689,TCDA
7690,TCF
7691,TCFC
7692,TCFCP
7693,TCI
7694,TCMD
7695,TCO
7696,TCO-J
7697,TCO-K
7698,TCOM
7699,TCON
7700,TCP
7701,TCPC
7702,TCRD
7703,TCRR
7704,TCRW
7705,TCRZ
7706,TCS
7707,TCTL
7708,TCX
7709,TD
7710,TDA
7711,TDAC
7712,TDACU
7713,TDACW
7714,TDC
7715,TDE
7716,TDF
7717,TDG
7718,TDI
7719,TDIV
7720,TDJ
7721,TDOC
7722,TDS
7723,TDTF
7724,TDTT
7725,TDV
7726,TDW
7727,TDW+
7728,TDW+A
7729,TDW+B
7730,TDY
7731,TEAF
7732,TEAM
7733,TECB
7734,TECD
7735,TECH
7736,TECK
7737,TECL
7738,TECS
7739,TECTP
7740,TEDU
7741,TEF
7742,TEGS
7743,TEI
7744,TEL
7745,TELA
7746,TELL
7747,TEN
7748,TENB
7749,TENX
7750,TEO
7751,TER
7752,TERM
7753,TERP
7754,TESS
7755,TEUM
7756,TEVA
7757,TEX
7758,TFC
7759,TFC-F
7760,TFC-G
7761,TFC-H
7762,TFC-I
7763,TFC-O
7764,TFFP
7765,TFI
7766,TFII
7767,TFIV
7768,TFLO
7769,TFLT
7770,TFSL
7771,TFX
7772,TG
7773,TGA
7774,TGB
7775,TGC
7776,TGH
7777,TGI
7778,TGLS
7779,TGNA
7780,TGP
7781,TGP-A
7782,TGP-B
7783,TGS
7784,TGT
7785,TGTX
7786,TH
7787,THBR
7788,THBRU
7789,THBRW
7790,THC
7791,THCA
7792,THCAU
7793,THCAW
7794,THCB
7795,THCBU
7796,THCBW
7797,THCX
7798,THD
7799,THFF
7800,THG
7801,THGA
7802,THM
7803,THMO
7804,THNQ
7805,THO
7806,THQ
7807,THR
7808,THRM
7809,THS
7810,THTX
7811,THW
7812,THWWW
7813,TIF
7814,TIGO
7815,TIGR
7816,TILE
7817,TILT
7818,TIP
7819,TIPT
7820,TIPX
7821,TIPZ
7822,TISI
7823,TITN
7824,TJX
7825,TK
7826,TKAT
7827,TKC
7828,TKR
7829,TLC
7830,TLDH
7831,TLEH
7832,TLF
7833,TLGT
7834,TLH
7835,TLI
7836,TLK
7837,TLND
7838,TLRD
7839,TLRY
7840,TLSA
7841,TLT
7842,TLTD
7843,TLTE
7844,TLYS
7845,TM
7846,TMBR
7847,TMDI
7848,TMDV
7849,TMDX
7850,TME
7851,TMF
7852,TMFC
7853,TMHC
7854,TMO
7855,TMP
7856,TMQ
7857,TMST
7858,TMUS
7859,TMV
7860,TNA
7861,TNAV
7862,TNC
7863,TNDM
7864,TNET
7865,TNK
7866,TNP
7867,TNP-C
7868,TNP-D
7869,TNP-E
7870,TNP-F
7871,TNXP
7872,TOK
7873,TOKE
7874,TOL
7875,TOLZ
7876,TOPS
7877,TORC
7878,TOT
7879,TOTA
7880,TOTAR
7881,TOTAU
7882,TOTAW
7883,TOTL
7884,TOUR
7885,TOWN
7886,TPAY
7887,TPB
7888,TPC
7889,TPCO
7890,TPH
7891,TPHD
7892,TPHS
7893,TPIC
7894,TPIF
7895,TPL
7896,TPLC
7897,TPOR
7898,TPR
7899,TPRE
7900,TPSC
7901,TPTX
7902,TPVG
7903,TPVY
7904,TPX
7905,TPYP
7906,TPZ
7907,TQQQ
7908,TR
7909,TRC
7910,TRCH
7911,TREB=
7912,TREC
7913,TREE
7914,TREX
7915,TRGP
7916,TRHC
7917,TRI
7918,TRIB
7919,TRIL
7920,TRIP
7921,TRMB
7922,TRMD
7923,TRMK
7924,TRMT
7925,TRN
7926,TRND
7927,TRNE
7928,TRNE=
7929,TRNE+
7930,TRNO
7931,TRNS
7932,TROW
7933,TROX
7934,TRP
7935,TRPX
7936,TRQ
7937,TRS
7938,TRST
7939,TRT
7940,TRTN
7941,TRTN-A
7942,TRTN-B
7943,TRTN-C
7944,TRTN-D
7945,TRTX
7946,TRTY
7947,TRU
7948,TRUE
7949,TRUP
7950,TRV
7951,TRVG
7952,TRVI
7953,TRVN
7954,TRWH
7955,TRX
7956,TRXC
7957,TS
7958,TSBK
7959,TSC
7960,TSCAP
7961,TSCBP
7962,TSCO
7963,TSE
7964,TSEM
7965,TSI
7966,TSLA
7967,TSLX
7968,TSM
7969,TSN
7970,TSQ
7971,TSRI
7972,TSU
7973,TT
7974,TTAC
7975,TTAI
7976,TTC
7977,TTD
7978,TTEC
7979,TTEK
7980,TTGT
7981,TTI
7982,TTM
7983,TTMI
7984,TTNP
7985,TTOO
7986,TTP
7987,TTPH
7988,TTT
7989,TTTN
7990,TTWO
7991,TU
7992,TUFN
7993,TUP
7994,TUR
7995,TURN
7996,TUSA
7997,TUSK
7998,TV
7999,TVC
8000,TVE
8001,TVIX
8002,TVTY
8003,TW
8004,TWI
8005,TWIN
8006,TWLO
8007,TWM
8008,TWMC
8009,TWN
8010,TWNK
8011,TWNKW
8012,TWO
8013,TWO-A
8014,TWO-B
8015,TWO-C
8016,TWO-D
8017,TWO-E
8018,TWOU
8019,TWST
8020,TWTR
8021,TX
8022,TXG
8023,TXMD
8024,TXN
8025,TXRH
8026,TXT
8027,TY
8028,TY-
8029,TYBS
8030,TYD
8031,TYG
8032,TYHT
8033,TYL
8034,TYME
8035,TYO
8036,TZA
8037,TZAC
8038,TZACU
8039,TZACW
8040,TZOO
8041,UA
8042,UAA
8043,UAE
8044,UAG
8045,UAL
8046,UAMY
8047,UAN
8048,UAPR
8049,UAUD
8050,UAUG
8051,UAVS
8052,UBA
8053,UBCP
8054,UBER
8055,UBFO
8056,UBG
8057,UBOH
8058,UBOT
8059,UBP
8060,UBP-H
8061,UBP-K
8062,UBR
8063,UBS
8064,UBSI
8065,UBT
8066,UBX
8067,UCBI
8068,UCBIO
8069,UCC
8070,UCHF
8071,UCI
8072,UCIB
8073,UCL
8074,UCO
8075,UCON
8076,UCTT
8077,UDEC
8078,UDN
8079,UDOW
8080,UDR
8081,UE
8082,UEC
8083,UEIC
8084,UEPS
8085,UEUR
8086,UEVM
8087,UFAB
8088,UFCS
8089,UFEB
8090,UFI
8091,UFO
8092,UFPI
8093,UFPT
8094,UFS
8095,UG
8096,UGA
8097,UGAZ
8098,UGBP
8099,UGE
8100,UGI
8101,UGL
8102,UGLD
8103,UGP
8104,UHAL
8105,UHS
8106,UHT
8107,UI
8108,UIHC
8109,UIS
8110,UITB
8111,UIVM
8112,UJAN
8113,UJB
8114,UJPY
8115,UJUL
8116,UJUN
8117,UL
8118,ULBI
8119,ULE
8120,ULH
8121,ULST
8122,ULTA
8123,ULTR
8124,ULVM
8125,UMAR
8126,UMAY
8127,UMBF
8128,UMC
8129,UMDD
8130,UMH
8131,UMH-B
8132,UMH-C
8133,UMH-D
8134,UMPQ
8135,UMRX
8136,UN
8137,UNAM
8138,UNB
8139,UNF
8140,UNFI
8141,UNG
8142,UNH
8143,UNIT
8144,UNL
8145,UNM
8146,UNMA
8147,UNOV
8148,UNP
8149,UNTY
8150,UNVR
8151,UOCT
8152,UONE
8153,UONEK
8154,UPLD
8155,UPRO
8156,UPS
8157,UPV
8158,UPW
8159,UPWK
8160,URA
8161,URBN
8162,URE
8163,URG
8164,URGN
8165,URI
8166,URNM
8167,UROV
8168,URTH
8169,URTY
8170,USA
8171,USAC
8172,USAI
8173,USAK
8174,USAP
8175,USAS
8176,USAU
8177,USB
8178,USB-A
8179,USB-H
8180,USB-M
8181,USB-O
8182,USB-P
8183,USCI
8184,USCR
8185,USD
8186,USDP
8187,USDU
8188,USDY
8189,USEG
8190,USEP
8191,USEQ
8192,USFD
8193,USFR
8194,USHG
8195,USHY
8196,USI
8197,USIG
8198,USIO
8199,USL
8200,USLB
8201,USLM
8202,USLV
8203,USM
8204,USMC
8205,USMF
8206,USMV
8207,USNA
8208,USO
8209,USOI
8210,USPH
8211,USRT
8212,USSG
8213,UST
8214,USTB
8215,USV
8216,USVM
8217,USWS
8218,USWSW
8219,USX
8220,USXF
8221,UTES
8222,UTF
8223,UTG
8224,UTHR
8225,UTI
8226,UTL
8227,UTMD
8228,UTRN
8229,UTSI
8230,UTSL
8231,UUP
8232,UUU
8233,UUUU
8234,UUUU+
8235,UVE
8236,UVSP
8237,UVV
8238,UVXY
8239,UWM
8240,UXI
8241,UXIN
8242,UYG
8243,UYM
8244,UZA
8245,UZB
8246,UZC
8247,V
8248,VAC
8249,VAL
8250,VALE
8251,VALQ
8252,VALT
8253,VALU
8254,VAMO
8255,VAPO
8256,VAR
8257,VAW
8258,VB
8259,VBF
8260,VBFC
8261,VBIV
8262,VBK
8263,VBLT
8264,VBND
8265,VBR
8266,VBTX
8267,VC
8268,VCEL
8269,VCF
8270,VCIF
8271,VCIT
8272,VCLT
8273,VCNX
8274,VCR
8275,VCRA
8276,VCSH
8277,VCTR
8278,VCV
8279,VCYT
8280,VDC
8281,VDE
8282,VEA
8283,VEC
8284,VECO
8285,VEDL
8286,VEEV
8287,VEGA
8288,VEGI
8289,VEGN
8290,VEL
8291,VEON
8292,VER
8293,VER-F
8294,VERB
8295,VERBW
8296,VERI
8297,VERO
8298,VERT=
8299,VERU
8300,VERY
8301,VET
8302,VETS
8303,VEU
8304,VFC
8305,VFF
8306,VFH
8307,VFL
8308,VFLQ
8309,VFMF
8310,VFMO
8311,VFMV
8312,VFQY
8313,VFVA
8314,VG
8315,VGFO
8316,VGI
8317,VGIT
8318,VGK
8319,VGLT
8320,VGM
8321,VGR
8322,VGSH
8323,VGT
8324,VGZ
8325,VHC
8326,VHI
8327,VHT
8328,VIAC
8329,VIACA
8330,VIAV
8331,VICI
8332,VICR
8333,VIDI
8334,VIE
8335,VIG
8336,VIGI
8337,VIIX
8338,VIOG
8339,VIOO
8340,VIOT
8341,VIOV
8342,VIPS
8343,VIR
8344,VIRC
8345,VIRT
8346,VIS
8347,VISL
8348,VIST
8349,VIV
8350,VIVE
8351,VIVO
8352,VIXM
8353,VIXY
8354,VJET
8355,VKI
8356,VKQ
8357,VKTX
8358,VKTXW
8359,VLGEA
8360,VLO
8361,VLRS
8362,VLT
8363,VLU
8364,VLUE
8365,VLY
8366,VLYPO
8367,VLYPP
8368,VMBS
8369,VMC
8370,VMD
8371,VMI
8372,VMM
8373,VMO
8374,VMOT
8375,VMW
8376,VNCE
8377,VNDA
8378,VNE
8379,VNET
8380,VNLA
8381,VNM
8382,VNO
8383,VNO-K
8384,VNO-L
8385,VNO-M
8386,VNOM
8387,VNQ
8388,VNQI
8389,VNRX
8390,VNTR
8391,VO
8392,VOC
8393,VOD
8394,VOE
8395,VOLT
8396,VONE
8397,VONG
8398,VONV
8399,VOO
8400,VOOG
8401,VOOV
8402,VOT
8403,VOX
8404,VOXX
8405,VOYA
8406,VOYA-B
8407,VPC
8408,VPG
8409,VPL
8410,VPU
8411,VPV
8412,VQT
8413,VRA
8414,VRAI
8415,VRAY
8416,VRCA
8417,VREX
8418,VRIG
8419,VRM
8420,VRME
8421,VRMEW
8422,VRNA
8423,VRNS
8424,VRNT
8425,VRP
8426,VRRM
8427,VRS
8428,VRSK
8429,VRSN
8430,VRT
8431,VRT+
8432,VRTS
8433,VRTU
8434,VRTV
8435,VRTX
8436,VSAT
8437,VSDA
8438,VSEC
8439,VSGX
8440,VSH
8441,VSL
8442,VSLR
8443,VSMV
8444,VSS
8445,VST
8446,VST+A
8447,VSTM
8448,VSTO
8449,VT
8450,VTA
8451,VTC
8452,VTEB
8453,VTGN
8454,VTHR
8455,VTI
8456,VTIP
8457,VTN
8458,VTNR
8459,VTOL
8460,VTR
8461,VTSI
8462,VTV
8463,VTVT
8464,VTWG
8465,VTWO
8466,VTWV
8467,VUG
8468,VUSE
8469,VUZI
8470,VV
8471,VVI
8472,VVNT
8473,VVNT+
8474,VVPR
8475,VVR
8476,VVUS
8477,VVV
8478,VWO
8479,VWOB
8480,VXF
8481,VXRT
8482,VXUS
8483,VXX
8484,VXZ
8485,VYGR
8486,VYM
8487,VYMI
8488,VZ
8489,W
8490,WAB
8491,WABC
8492,WAFD
8493,WAFU
8494,WAL
8495,WALA
8496,WANT
8497,WASH
8498,WAT
8499,WATT
8500,WB
8501,WBA
8502,WBAI
8503,WBIE
8504,WBIF
8505,WBIG
8506,WBII
8507,WBIL
8508,WBIN
8509,WBIT
8510,WBIY
8511,WBK
8512,WBND
8513,WBS
8514,WBS-F
8515,WBT
8516,WCC
8517,WCLD
8518,WCN
8519,WD
8520,WDAY
8521,WDC
8522,WDFC
8523,WDIV
8524,WDR
8525,WEA
8526,WEAT
8527,WEBL
8528,WEBS
8529,WEC
8530,WEI
8531,WELL
8532,WEN
8533,WERN
8534,WES
8535,WETF
8536,WEX
8537,WEYS
8538,WF
8539,WFC
8540,WFC-L
8541,WFC-N
8542,WFC-O
8543,WFC-P
8544,WFC-Q
8545,WFC-R
8546,WFC-T
8547,WFC-V
8548,WFC-W
8549,WFC-X
8550,WFC-Y
8551,WFC-Z
8552,WFHY
8553,WFIG
8554,WGO
8555,WH
8556,WHD
8557,WHF
8558,WHFBZ
8559,WHG
8560,WHLM
8561,WHLR
8562,WHLRD
8563,WHLRP
8564,WHR
8565,WIA
8566,WIFI
8567,WIL
8568,WILC
8569,WIMI
8570,WINA
8571,WINC
8572,WING
8573,WINS
8574,WINT
8575,WIP
8576,WIRE
8577,WISA
8578,WIT
8579,WIW
8580,WIX
8581,WIZ
8582,WK
8583,WKEY
8584,WKHS
8585,WLDN
8586,WLDR
8587,WLFC
8588,WLK
8589,WLKP
8590,WLL
8591,WLTW
8592,WM
8593,WMB
8594,WMC
8595,WMG
8596,WMGI
8597,WMK
8598,WMS
8599,WMT
8600,WNC
8601,WNEB
8602,WNS
8603,WOMN
8604,WOOD
8605,WOR
8606,WORK
8607,WORX
8608,WOW
8609,WPC
8610,WPF=
8611,WPG
8612,WPG-H
8613,WPG-I
8614,WPM
8615,WPP
8616,WPRT
8617,WPS
8618,WPX
8619,WRB
8620,WRB-B
8621,WRB-C
8622,WRB-D
8623,WRB-E
8624,WRB-F
8625,WRE
8626,WRI
8627,WRK
8628,WRLD
8629,WRN
8630,WRTC
8631,WSBC
8632,WSBF
8633,WSC
8634,WSFS
8635,WSG
8636,WSM
8637,WSO
8638,WSO.B
8639,WSR
8640,WST
8641,WSTG
8642,WSTL
8643,WTBA
8644,WTER
8645,WTFC
8646,WTFCM
8647,WTFCP
8648,WTI
8649,WTM
8650,WTMF
8651,WTRE
8652,WTREP
8653,WTRG
8654,WTRH
8655,WTRU
8656,WTS
8657,WTT
8658,WTTR
8659,WU
8660,WUBA
8661,WUGI
8662,WVE
8663,WVFC
8664,WVVI
8665,WVVIP
8666,WW
8667,WWD
8668,WWE
8669,WWJD
8670,WWR
8671,WWW
8672,WY
8673,WYND
8674,WYNN
8675,WYY
8676,X
8677,XAIR
8678,XAN
8679,XAN-C
8680,XAR
8681,XBI
8682,XBIO
8683,XBIOW
8684,XBIT
8685,XBUY
8686,XCEM
8687,XCOM
8688,XCUR
8689,XDIV
8690,XEC
8691,XEL
8692,XELA
8693,XELB
8694,XENE
8695,XENT
8696,XERS
8697,XES
8698,XFLT
8699,XFOR
8700,XGN
8701,XHB
8702,XHE
8703,XHR
8704,XHS
8705,XIN
8706,XITK
8707,XLB
8708,XLC
8709,XLE
8710,XLF
8711,XLG
8712,XLI
8713,XLK
8714,XLNX
8715,XLP
8716,XLRE
8717,XLRN
8718,XLSR
8719,XLU
8720,XLV
8721,XLY
8722,XME
8723,XMHQ
8724,XMLV
8725,XMMO
8726,XMPT
8727,XMVM
8728,XNCR
8729,XNET
8730,XNTK
8731,XOG
8732,XOM
8733,XOMA
8734,XONE
8735,XOP
8736,XOUT
8737,XP
8738,XPEL
8739,XPER
8740,XPH
8741,XPL
8742,XPO
8743,XPP
8744,XRAY
8745,XRF
8746,XRLV
8747,XRT
8748,XRX
8749,XSD
8750,XSHD
8751,XSHQ
8752,XSLV
8753,XSMO
8754,XSOE
8755,XSPA
8756,XSVM
8757,XSW
8758,XT
8759,XTL
8760,XTLB
8761,XTN
8762,XTNT
8763,XVZ
8764,XWEB
8765,XXII
8766,XYF
8767,XYL
8768,Y
8769,YANG
8770,YCBD
8771,YCBD-A
8772,YCL
8773,YCOM
8774,YCS
8775,YELP
8776,YETI
8777,YEXT
8778,YGRN
8779,YGYI
8780,YGYIP
8781,YI
8782,YIN
8783,YINN
8784,YJ
8785,YLCO
8786,YLD
8787,YLDE
8788,YMAB
8789,YNDX
8790,YOLO
8791,YORW
8792,YPF
8793,YRCW
8794,YRD
8795,YTEN
8796,YTRA
8797,YUM
8798,YUMC
8799,YVR
8800,YXI
8801,YY
8802,YYY
8803,Z
8804,ZAGG
8805,ZBH
8806,ZBRA
8807,ZCAN
8808,ZCMD
8809,ZDEU
8810,ZDGE
8811,ZEAL
8812,ZEN
8813,ZEUS
8814,ZG
8815,ZGBR
8816,ZGNX
8817,ZGYH
8818,ZGYHR
8819,ZGYHU
8820,ZGYHW
8821,ZHOK
8822,ZI
8823,ZIG
8824,ZION
8825,ZIONL
8826,ZIONN
8827,ZIONO
8828,ZIONP
8829,ZIOP
8830,ZIV
8831,ZIXI
8832,ZJPN
8833,ZKIN
8834,ZLAB
8835,ZM
8836,ZMLP
8837,ZN
8838,ZNGA
8839,ZNH
8840,ZNTL
8841,ZNWAA
8842,ZOM
8843,ZROZ
8844,ZS
8845,ZSAN
8846,ZSL
8847,ZTO
8848,ZTR
8849,ZTS
8850,ZUMZ
8851,ZUO
8852,ZVO
8853,ZYME
8854,ZYNE
8855,ZYXI
